"","AKT (pS473)","AKT(pT308)","Bcl-2","Bcl-2 (pS70)","Bcl-xL","Bim","Btk (pY223)/Itk (pY180)","Btk (pY551) & p-Itk (pY511)","IgG Kappa (isotype control)","Mcl-1","MEK1 (pS218)/MEK2 (pS222)","MEK1 (pS298)","mTOR (pS2448)","NF-κB p65 (pS529)","p38 MAPK (pT180/182)","p44/42 MAPK (pT202/Y204)","p53(pS37)","p90RSK (pS380)","PLC-γ2 (pY759)","Rb (pS807/S811)","S6-ribosomal protein (pS235/236)","SAPK/JNK (pT183/Y185)","STAT1 (pS727)","STAT1 (pY701)","STAT3 (pS727)","STAT3 (pY705)","STAT5 (pY694)","STAT6 (pY641)","SYK (pY525/526)","TBK1 (pS172)","Tyrosine (pY100)","ZAP70/Syk (pY319/Y352)"
"001",2441.8779899917,1530.15154229441,14617.1446146559,2012.26671246411,17364.0908427299,7162.94759375506,3923.36916575678,1324.52806847499,1253.59767785022,1662.2124276081,1434.77586181022,2146.88625242451,1630.88167504262,1427.11812522496,1241.34233537727,1774.85424743823,1427.16580387859,1738.21167220724,1376.73383998932,1410.98967081096,2026.87808883003,3294.18561125512,1329.02486527773,1301.71222297992,1580.02885693559,1251.55295713395,1561.33645468366,1315.51218016763,1627.80947757067,1848.58041641028,2104.94539723568,1325.22320012294
"002",1235.70780159339,390.708096114413,6246.64678856362,384.006803091752,4899.02681892849,4651.62387734813,7431.87470047247,268.672596918296,207.753944968033,1026.89324621865,198.119478729982,315.29807104359,579.504850262522,346.55134324034,317.686512295462,474.597731997808,274.866385793759,858.075686300216,382.350013646056,309.421836460848,1674.88308081946,555.529600285915,207.189208334743,246.895185127494,491.909853895777,214.950376265336,331.34173329606,193.909941816393,836.668501963742,330.772341319178,2313.58402052813,266.070045115892
"003",992.554574382309,335.508871743002,9103.22246048713,517.786210548768,4214.8333814213,5293.9653737372,4459.75705018912,179.532301666136,144.882514476526,407.210077258443,127.048163772857,262.698306791253,387.397912318537,371.092774747942,352.841463688556,349.899939423067,242.332801104393,864.55376706377,207.022470701958,211.567961878852,1546.86376833642,472.491731234417,140.518364391337,163.277819032923,424.299206186389,144.668279611026,218.017550905055,132.518078943114,617.433964155456,244.197404086291,1340.03717217545,164.788253901572
"004",1129.89834238621,305.427026012375,10242.7120022798,373.815303633215,4337.43746352911,5228.66481102731,7855.6048783509,235.655783814756,178.535718251049,592.734913589642,168.809214725705,267.738495497766,439.936599615073,238.938240244443,231.893130371928,381.815744165677,212.430252978644,916.436866103098,436.121435566274,281.259546026244,848.425828190524,464.803308672184,179.509897250272,216.021874346185,384.257374667838,188.420531151459,288.840102619344,170.067135238284,735.083455997239,278.212486922335,2262.40346495788,263.906347604593
"006",3873.76842775382,2425.11329757684,20477.8637291726,2771.02521884205,25394.6102139607,11775.8821739967,18902.6564203912,2215.31832168723,1957.45888430083,3207.54670106321,2196.06860842696,2855.0757438836,2689.35679440133,2187.17764130404,1956.9615315807,2964.99325159969,2208.35253385876,2647.28066674897,2730.2193377027,2385.27285969688,6644.70100263694,4960.65328927661,2105.98695013765,2101.21514586974,2884.84093726346,2002.1824123874,2475.85660277343,2057.48598256955,2760.09769691977,2724.95891777308,7371.74753743483,2193.65910093838
"007",687.844206860517,278.672661344436,6989.53115561618,340.297490653442,2009.73817440375,2515.6750759203,4116.54706765124,219.408172090466,166.787563518004,445.572086342697,205.470628585434,216.150488234327,506.798940621819,233.283473463874,216.65400819258,882.076716934144,202.828566112945,391.020722590978,264.608692085428,251.024335169487,10443.329356076,1090.63828275934,164.029859821509,191.988265232385,294.508322570533,166.239196093671,236.468676278642,158.793967983324,343.202665947738,303.556828678354,1108.37787936294,221.479667366209
"008",2449.6464822832,999.642450252007,5881.73719561792,983.016414608859,15412.0935021786,5974.54676569619,3506.89273040368,885.171946685255,846.34415893656,1430.72653237265,901.457051560701,887.311105158209,953.127770374734,862.489843215882,990.159356150596,1153.37015751369,944.944037885504,1185.95194831913,980.929885819653,918.322596557475,1659.91265159905,1889.6546435214,922.015986792044,911.495462501972,994.52411000903,865.862503510633,1037.62506285306,1019.12796120605,1260.67251557203,926.171490377672,1618.42056170685,922.681820161176
"009",1292.75526070587,293.628853158876,9557.49953546917,415.556364201774,4479.46898613764,5365.15024104987,5689.37901476103,223.099825877812,171.31930813058,446.788118853934,165.014741764557,271.325504651521,492.119799167466,401.430806237228,303.536928658215,483.113244689273,190.423852706161,1083.13100981003,342.289633207506,241.617860670673,1772.89310556674,511.416124930712,177.391802110716,218.774937042821,492.473682123448,175.389191941729,277.213243048653,160.421757742823,713.285634148419,308.624719308455,1428.17639344928,234.746532097277
"010",1188.53767971761,220.345251647652,8025.80258563621,514.157148459527,4607.85009661363,4686.25550774599,7417.64600686126,166.50112686054,103.173122225109,479.316255467519,NA,209.086188274244,366.616896518136,495.352022257965,248.563334883194,275.683828344063,168.33427092568,641.091610138885,337.060212645256,243.134774374805,15884.4722191239,425.349278402438,144.419142096885,155.037236129769,474.705565379744,128.849174280116,273.390815832,113.580474606723,548.943821482206,261.153468692608,3580.66778588672,188.776193753055
"011",946.479572563868,207.465073074715,11947.6886737736,542.116438691369,4835.76418365084,6385.8969249851,5870.07548906149,158.177108035326,99.2562781726818,504.740308377528,NA,232.571840257126,334.646702256448,252.313827517535,191.407621225472,256.676885927138,163.182109273056,485.475651982389,239.42190612465,273.453137393279,3169.81445638266,436.416396125962,131.040393623703,147.167226586961,257.314017281227,118.337003146915,257.258636066139,110.013852204976,521.885007845526,278.016549187189,3073.45855581593,160.285704690096
"012",1020.25020292025,185.731120573515,7816.29770582791,407.330580173182,4789.44470923873,5253.22359602571,5413.50219194269,133.062610636501,59.3270819050907,437.48919862018,NA,158.630304675964,287.923922631117,206.851825701232,185.875761808348,263.329363627399,127.231456713927,409.079871931517,207.304977091422,191.637351026758,1025.86868576786,448.677045398635,92.635943664194,98.9623864961221,329.065702312429,83.835072084671,242.691422203226,72.2446214558596,542.07429016257,252.288437607641,2069.95526819971,132.991859853883
"014",787.313291578368,210.164962258358,7457.83539391027,329.821280168558,3923.23039470912,5840.64091918181,5850.42199578502,147.263485234945,87.6605181173279,432.37266385481,NA,163.042747812923,318.642800592876,218.425747235232,149.152759503604,223.049256597796,141.47960845439,431.924013884921,277.804538354596,227.004487601689,1424.25130871583,345.523545537948,111.895049831521,117.907599589075,227.671085627874,105.793342076317,229.84347186842,94.7021172881497,468.569776142586,230.544126890806,2715.38240944646,145.651815634175
"015",1223.02257028322,635.836421787138,5156.7213999979,631.087190320598,5465.52869231843,3356.77996991352,5424.26106068471,542.417889280003,500.771030380238,933.968784165646,527.102820418629,613.257444474431,690.196679379813,588.08961172179,554.287065039741,870.014262819285,540.278669591357,723.172757516763,714.875919419494,614.079210486247,2783.35950653978,737.606337766121,491.412151963757,543.92680557521,682.557851610238,510.392712158871,623.341988877746,483.178856543451,972.993114845052,576.511736755906,2244.83916557717,557.740886887807
"016",1379.24879571842,727.816991166933,6987.17603720725,830.817536118651,6219.68028909354,4392.63387750987,5863.8257360359,680.01261375715,648.617303135055,1140.86302615334,658.076754564453,737.484514326397,864.345367745162,702.34551907767,706.436711730274,1032.8512225118,686.362392001382,909.846180807233,846.457640899149,755.548691838671,1999.67614260585,901.700230394482,618.991772531361,672.534978907673,881.239162384315,650.64946249938,784.727744794786,616.952259483354,1160.77707193378,713.711475594107,2433.74056183642,723.611673301185
"018",1504.54233635505,776.038553451593,6719.24745760236,771.438045654491,6593.19127197243,4313.15231209838,9301.5809030629,728.20900893827,712.968037531878,1030.4063064251,678.988429573796,807.862656141963,901.06129075434,736.123038425358,745.410284522485,1085.58680556599,709.77913432113,967.759978469508,1185.46722357596,851.622503779624,2324.65067914373,939.919157557774,651.19041513296,700.317578177982,856.188119562447,692.15745493621,841.00015907528,645.00097649044,1267.11137688072,738.188604574015,3345.07023398513,813.627927885383
"019",3435.21554102931,2064.83030680593,9764.20919205574,2182.03560582967,18002.4883327639,9763.45331758495,6166.16155058537,2073.17296624367,1883.92050001558,2664.54819785535,1985.15774224709,2111.28660503327,2380.34229025986,2051.71158136188,2120.11635839447,2562.61888036304,1912.23357758906,2234.78122141904,2198.05829881258,2173.30277932219,6059.83379364612,3093.13763140421,2057.02497792853,2018.27327652353,2241.99727309425,2047.73370178926,2080.3126761656,2086.60021821434,2481.09596427795,2077.96432427672,5035.91578274954,2114.34225460616
"020",3252.61222281451,1820.13829357566,7833.16006661431,1929.49940461625,14956.1641481165,8961.81771569386,6062.61487833086,1811.66525750423,1643.58632438968,2421.00710234259,1739.13175712928,1857.28621771343,2082.06119855422,1800.15341124441,1854.61111088436,2138.03125257503,1663.90936958761,2020.41312007223,2018.75299534538,1868.3779280832,5093.9108106624,2777.51761727577,1811.62616546813,1762.42854768208,2044.38113924607,1794.56364390564,1829.32040708585,1823.63748428008,2241.83553224236,1808.15562005892,4693.6747614368,1903.26152862518
"021",3958.52661328239,2474.92745432767,10074.9556769324,2468.88129086614,20519.8884355666,10968.8120324637,4188.92021203317,2276.09910388767,2091.61878563231,2824.72872471337,2214.43537519361,2521.8669014347,2666.85982121563,2310.83330980478,2469.90348070361,2892.10410732602,2318.41569371857,2657.52086067067,2315.35973853427,2352.5389500617,5628.96984076766,3684.35967431845,2275.48648665112,2232.24799362409,2494.06607312369,2281.44324027309,2296.45524025581,2323.25703127169,2639.86170093237,2291.9623349306,3552.54372316033,2287.73925771563
"022",1428.43505563405,733.674129573302,9019.53139150302,881.848397971409,5964.68158453206,4584.10079402639,6251.01225443425,661.931757319369,641.485171217865,1011.9253512103,640.647241214899,703.450071404514,844.361403384492,766.737812214775,710.144045850268,1055.10706283043,651.5798342944,960.61722775575,926.66607050852,749.734946355657,2821.7010273293,888.470672842991,606.735917787362,682.005687907596,867.449730034608,633.359827453223,758.178799032559,598.301844753537,1118.52430874304,689.755895137651,2232.3102809188,704.378555858913
"025",1009.00094630412,531.315961496452,5077.80223990559,397.683629888079,3700.24152779489,3545.25750829357,7338.78432940127,381.507379301586,279.690305947245,832.917638629135,399.131613656055,470.708243897761,633.738488545092,517.818719484932,405.478764609624,483.564928954835,412.905736749996,492.905979448703,626.284671858339,400.785889743893,1179.59807406062,549.779513206468,288.543647905536,319.657776097168,1031.92814483813,277.638917160064,436.148743722809,266.09159678397,711.99539695622,546.591434789218,2184.18930351697,381.025410814904
"026",7979.7144179767,3901.43913779083,17037.9174457605,3722.35555678821,24886.1154859574,18349.0537434234,12943.1861240726,2805.24303061594,2833.19219731226,3728.39053040656,3034.72254700916,2968.03825100779,3293.79095120352,2868.35591677143,2923.64102186659,NA,3062.48308194106,6803.14389151641,3450.94905495661,3222.40853449245,32521.459100664,8432.37227818757,3297.20328445791,3344.46313322402,3255.53619500583,2897.92703019719,4309.09813401059,2988.65497784519,4921.86038631181,3100.94152075348,8498.66125605324,3152.14909802074
"027",2150.13348145893,1040.36819006239,8476.53592725668,1072.41404897848,4796.2441856757,5249.3349810153,9884.09258880942,1032.736119458,940.009443579361,1307.60885547657,977.325900140393,1024.82506352531,1246.7703454547,1084.64463457749,991.915823511947,1257.48313252301,949.649644286282,1202.96609807159,1225.69730801936,1058.36528400372,3297.04991803765,1198.15996391759,919.34103066647,938.525594373725,1291.92463753742,964.149068306641,1040.12547872252,914.889064508303,1389.03473705255,1163.47601291349,3262.077778215,1045.1997200708
"028",5037.83163381319,3006.66116661399,16013.4052570084,3358.70088360826,15912.7082361655,14169.3422321431,9977.01170715919,2551.9601493314,2571.70928362764,3101.9890809682,2742.59959346357,2753.63549305811,3108.68347844218,2673.23313080952,2650.45336641263,NA,2813.68878064801,5056.92232975759,2838.75289086041,2790.57518139588,31601.5963455517,7535.68277997394,2995.15018328389,3015.18795362766,2901.31364552899,2591.08531568684,3823.90823099268,2704.52871021221,3840.03753804892,2853.55960902128,6526.39144908122,2582.42151303543
"029",8943.11985912328,3844.5799316251,18316.9356501858,3805.87865787131,23162.9120805631,19208.5253561754,14841.6338040854,2639.70197339832,2667.54562179185,3728.60018337137,2929.72701375266,2778.79930175896,3071.10834096375,2817.25829682883,2754.04810782131,NA,2962.09429393526,6485.06761068129,3360.75247262413,2869.0948401174,12420.9738882984,8205.59462928184,3215.49198280611,3205.55262127752,3038.92865167243,2702.34781726751,4139.73439143279,2901.97669553495,4483.32597236735,2989.76259286959,8924.98078362716,2839.4187352495
"030",2762.68638914713,1538.75763839423,13627.8708556571,1727.42722060219,7907.93722282851,8967.93270532638,13367.3275540663,1466.50037252637,1396.81814497864,1950.01224994864,1428.08345603589,1563.3704684755,1954.66245240338,1481.85323241584,1473.10068943439,2763.68501173046,1448.28060335245,1817.15448198504,2035.68809175591,1865.96971018224,6304.21083190757,1836.75939804476,1404.36333323689,1509.56977751668,1794.59882172524,1434.4413815243,1625.30257627132,1349.80578639822,2255.28806596772,1562.0774033613,5715.14070578619,1609.66335781919
"031",4194.02108311323,2134.98321180042,11310.8631406021,2493.56171000236,16305.9767913972,8829.39025860621,6548.00409288625,2129.97983920829,1959.24438746793,2638.49176179973,2045.69737558858,2176.18370361982,2414.74289802375,2126.88176289248,2198.06389532677,2563.75346701451,1942.3078597465,2343.72933452895,2305.95743932059,2193.5416004235,5830.28029406302,3077.33710854889,2115.4358459706,2059.71901405665,2299.66393111789,2090.52346113626,2124.63886831316,2127.82252837406,2539.12269891216,2118.63643689406,5170.34168149994,2213.36216546792
"033",2359.74346908186,1211.77821848808,11348.3829139075,1393.17640212318,5304.25058194894,6646.67989539446,8437.31449193863,1230.25088648487,1146.09465472643,1428.11645965011,1177.19958547945,1215.9824195174,1436.13633686172,1316.24889572066,1221.1129364877,1576.83439013075,1158.28172329709,1449.12948989532,1412.91598255746,1250.69107291193,2974.56149869778,1454.63211848975,1134.2053283655,1161.27690413228,1434.14887646882,1164.0431760353,1232.92278855438,1118.25645686685,1578.69675298015,1334.7822620214,2909.01728043556,1253.29076835827
"034",2127.75096937579,1039.6279030766,8132.04630811284,1089.38430850495,4858.45749343766,5435.68013683247,9880.12476724649,1057.72119705867,961.942526581756,1226.20283383222,1008.83919348393,1048.68632007167,1310.0611507729,1108.45522522877,1015.69178648484,1370.44820575495,975.766806397885,1259.82674549553,1253.83939346197,1098.49105969571,3103.88699393829,1230.00233649433,951.306291594243,971.168289413383,1207.95070776396,990.965125344774,1056.52860922495,942.272066838819,1412.03767544282,1166.60014848677,3363.18502724821,1093.72810594311
"035",1079.25871649416,652.951704681812,7792.24260780003,721.682667015947,14812.1252448317,5952.85374329062,4697.12505998593,553.542160059284,529.274677339781,1640.93841592657,545.240197098778,592.757308877265,695.917157612957,526.746629490787,594.352401747626,842.815382258579,612.097698444373,985.898480200786,638.292089490461,873.089703077913,1458.05900080729,1856.06930343037,501.539391413986,541.567665221485,996.421350875002,529.045443957378,688.715977453627,505.978577259875,895.185247527493,716.730005367591,1681.92615135061,636.269268503001
"036",1558.53412464733,844.460983560772,18387.0265895332,1271.31298806763,6032.50365519378,6366.98601445994,12286.7344892213,684.725532227379,543.898351564182,1196.54791031991,613.387811084742,771.426128289413,1575.33781639988,712.281756840054,598.545208082481,1180.29257681669,676.942410762681,958.892391095567,1116.82489167278,851.21445590761,10513.6636399889,2782.11011347067,567.240122221487,611.951049588704,1067.60599659731,559.583010552653,805.014245139825,526.524795088146,1234.64752630009,1052.36089756767,5968.7236031875,832.091105924534
"038",1735.00295144595,1067.53830999689,9701.36551476459,1257.86367760475,4821.62045605025,6782.16279223441,3760.02853537536,981.603110970474,918.215395413143,1221.09944488529,1014.63863498694,979.907256326399,1204.97910757998,1045.13521064994,992.541454661338,1179.55002061201,1067.54767570169,1199.95752707571,1077.65367424592,1059.29628787421,2144.08006639984,1986.37326896696,1086.22684859394,1000.13467794064,1222.15809451663,946.490805501936,1112.40564425787,1162.58527163478,1210.90170439704,1206.69943272908,1908.55917480782,1015.56724705308
"039",1555.33400679362,850.472750407917,14443.7677096657,1592.48248349299,5395.02166688004,8552.07767636877,3645.61170397434,661.639902069159,638.481464894494,1021.87917955465,687.093030011527,766.7345663466,1004.70974695563,1049.65001704248,749.599714784536,1245.19878045034,672.807922372827,1113.59821060001,797.319890924613,773.967688845245,6518.88258678827,2697.26634069653,661.414350443616,709.80725021952,920.547526500724,647.466756705835,903.715145427921,629.089185464811,1094.27252966538,805.859318855199,1609.84601981208,705.276849982538
"040",2321.70053055315,1487.3628707665,11466.2064624351,1428.99346368059,11180.8407882126,13320.7468783972,8530.30203880689,1229.68015747968,1165.78988192399,2442.38329881453,1219.16247861215,1349.42285499161,1749.19671726309,1387.24508129502,1255.37283602052,2017.43144692646,1209.17382887096,1566.24408529338,1500.11254066554,1366.57167166108,22363.9575719617,4037.03469236808,1184.12063079497,1259.74492740907,1779.64929839509,1196.10643863332,1632.73449246298,1164.04103612544,1975.51017833396,1381.57298014326,4406.83929001329,1242.10195618962
"041",828.526017194637,401.392161708392,6365.76491169838,469.46327076536,13398.7408523073,7350.17496306623,4078.87402866131,339.622884065535,316.975702334626,1287.76258987342,336.836525809051,345.178270048468,440.309801523341,361.394636085357,374.417056677658,440.314055614138,390.288605273714,672.317368686094,379.663844896361,586.43825751926,900.117559445759,1516.23625844543,303.107724864094,339.045701987911,635.085500442597,303.799197357796,478.017068084053,300.748399482306,682.349918495592,475.036149865557,1581.27410965657,388.935620639737
"043",1942.44202111147,937.125908240588,14753.1963291186,1243.60079982888,5969.04365310178,16431.1656476667,13835.9054060662,794.055817311938,627.330206772065,1041.97798613841,726.412272491146,890.191795862146,1279.90023926736,977.227482492334,831.997216482038,987.288767522998,749.53623004676,1194.67297463914,1189.36488779686,844.832282583378,13510.0969379638,1124.4484714102,704.85563263591,716.980082786006,1696.73379620431,709.853102640556,963.867445883839,693.669664938897,1621.14790119272,927.533799652603,5425.39416163859,860.61113737212
"044",2741.43999002745,1593.04686976786,7095.48323215439,1678.43587085404,5655.36240737549,5415.40344142058,4520.21199475329,1419.24458016124,1295.69463456721,1620.36852650791,1426.39063050113,1550.61097860922,1710.02542599618,1422.63140082667,1501.79346062201,1676.26947905053,1533.50574631148,1791.14641527793,1482.84842178618,1469.33966166418,4895.87437189929,2685.77177165816,1475.25152965956,1407.11746053951,1777.71914153978,1368.54659977782,1504.73058719198,1581.43766690387,1639.08606998053,1590.29447243675,2353.92283555209,1437.68128163504
"045",2224.83932928169,1325.04763415663,5653.58999858253,942.103192205602,7224.09955266171,5942.09229564263,8293.3448400998,952.523281319016,827.594473184479,1240.18239134136,895.987715337491,1405.3378984302,1646.42806532096,957.599766775908,1041.3439382369,1244.94957385345,1164.59322973619,1133.04498208957,1082.61038567405,1000.711352957,2200.28498034116,1953.41623672706,974.843713217827,898.877465858125,1295.95870218935,898.960211738133,1024.29874982134,1015.39489252382,1299.38658204829,1088.96772327389,4973.11070071093,975.078318212933
"047",4972.212822796,2875.13110311809,17810.8212285226,3450.55241809765,15122.7928305297,15256.7796025972,12896.0407191648,2354.74559449497,2368.78263589881,3102.59191518872,2626.31810438288,2459.2076514038,2841.28219976071,2602.4263851655,2472.50138309734,NA,2627.44775720639,5293.59313807489,2869.52659941016,2483.43786485823,8382.82022477156,7329.15362361473,2881.14742266221,2836.03991230852,2732.98962179055,2376.57112715843,3641.97166778574,2591.74308473309,3682.51614167446,2726.98695409268,8085.71527022565,2439.25699449873
"048",1128.16053600873,413.789947118928,8686.87288831297,411.261277639721,3370.79406604444,3583.07681986308,10158.1705236066,354.806961147665,267.949906202724,963.023306618711,313.109354064099,373.477357827025,747.05293137991,338.801317469214,316.257445946762,1099.72600799199,332.679556150892,497.373641949081,792.279742014879,396.711226721558,2648.48397474773,1292.9582163095,268.052855362515,291.946269655898,449.116695768537,274.186730019205,369.416383367525,257.807585263381,551.128099726161,450.743965295354,2242.01329432872,460.141022769341
"049",771.949239821114,360.199765128233,10146.0987384528,526.333584858032,2416.72081944162,3728.25325773272,8029.29624237926,292.011862071184,214.55618638331,398.820873996159,288.967899072284,303.200472296406,575.032641819346,422.023086866202,275.031181048185,327.924061632117,299.746818899349,404.355865705794,617.506088482199,344.20771111996,1861.46269075437,425.32237155128,228.376475288283,257.989201194017,759.426450983324,221.351092592235,336.519176874851,216.878835366476,588.787603156023,468.130936339359,2515.24334189744,385.387935157391
"051",756.087732358281,361.933362657732,8885.1314457785,508.085336964466,2613.84511457384,3243.52322103583,1050.96387242197,283.123510100184,243.708090512315,342.56829705786,294.705751694206,298.635369905108,436.435683038698,300.614485500608,372.854100103477,602.704783427058,308.2304024451,467.207857277646,322.40079755429,294.159685616653,490.277340568681,1324.19625521586,245.781435519349,253.007594770408,360.721363752919,246.293749001763,307.510451008833,238.65115432767,406.399131206314,372.668669521988,475.657360535156,284.571955660491
"052",2385.33374549116,1527.94203708844,11259.4716319188,1470.32946519255,6345.10308218432,13964.1249002075,7141.51815919902,1271.15383986103,1243.43250408736,1956.30880768372,1218.75435743069,1614.276994463,1758.21975017406,1304.17599528596,1362.22813918037,1510.61057469731,1415.88280206933,1429.28949213958,1310.55964573883,1385.61008337183,8003.42769787928,2291.29196168651,1288.76234152075,1228.7371937598,1505.90949949189,1243.64576136834,1315.1580948153,1336.05478527721,1496.35044510019,1399.3768190287,2598.16143456125,1248.22760375559
"053",1738.48407242411,636.070677276316,6073.75302004203,677.200300955323,3884.52020314989,3571.54148838537,4995.55290571844,595.935146309737,549.731096604244,718.719453773377,585.844497119194,581.471984619692,807.505590317725,561.883621968143,633.160485270856,1131.66339306835,585.47992683026,798.492401101244,745.788398507641,650.279705809805,2792.98723481442,1759.1626236456,624.764360935332,569.255875727777,714.928541467123,551.828671388389,643.080449243337,687.025135871404,966.203124331823,692.291031232966,2099.61191502245,689.979762869941
"054",2774.21567703899,1561.44793528764,9151.17524451327,1565.29762887102,6237.97961949158,8770.69397465995,11067.2734290844,1569.19395479205,1403.46438952347,1895.37935363195,1520.76931119451,1647.28502346905,1809.51221307067,1719.35686268446,1554.28617691296,2014.02329086541,1500.0812263379,1771.55803373151,1615.49210564256,1574.80583961827,4067.10498601441,1804.00211317921,1401.42482814454,1448.88616232282,1978.40243980864,1441.76984498958,1528.3017043385,1399.7074501272,1968.8732213324,1680.52263220258,4827.73203636491,1483.59127602238
"055",963.2943622,203.6358167,9901.909653,417.0176715,3575.799447,6461.534478,7265.463877,137.550598,75.29522739,444.3408163,136.7342296,230.9754597,266.5182041,312.9641899,172.5966305,340.037644,139.1258239,423.8775403,313.1084989,200.8474216,2888.60599,362.6214642,101.5489637,128.9409591,313.4483586,88.51520207,205.8755903,76.34337573,562.1918179,291.9545436,2432.173058,177.5676555
"056",1739.4984252422,1133.81509284061,13955.8139372111,1835.8041282574,8752.94675843651,11852.5414094144,8270.34090399451,933.554175505264,890.632009505346,1441.61172793445,934.034134962716,1038.32581700418,1320.74403997218,1238.63517810295,995.533870907931,1533.08864624606,949.235480352718,1296.15739848014,1297.55660958352,1142.22382101374,21031.5492230673,3512.5079761989,928.740665429904,959.028561752293,1334.24418048039,908.993315298137,1259.83435132519,882.444954422686,1573.98127372333,1138.31319506177,3549.70261151443,1000.33268018146
"057",2045.16820255326,1192.2393599009,10998.001452195,1255.11693803151,6871.57148553984,6361.68092630057,11897.3010482021,927.456214538241,836.89891649851,1776.4900232068,901.74287289672,1002.97168517036,1609.32025362283,1155.75765801452,926.853543631753,1768.16171164229,895.17265403733,1357.34838362205,1497.72074966936,1066.26158700004,20607.975895833,3438.08023194504,870.524024330254,931.946444380858,1409.37170579949,859.140707226186,1243.1141930369,845.160205404072,1606.29427520483,1144.07140229633,5153.42441803186,1009.82053054957
"058",1173.988595,216.8754268,9808.271025,372.1585344,3952.861845,4409.449487,10962.65133,206.0240911,119.0903502,355.3889319,180.2977282,228.8642615,313.0204314,343.775503,211.5373247,372.434264,168.7018178,392.8991684,621.742833,245.7029447,3509.039382,390.4068548,145.795595,174.7045005,487.2216314,137.079039,275.1339402,121.9364823,702.7973148,330.1627261,3458.442681,312.0814824
"059",1795.01294235611,1138.37504326724,7636.29950183164,1176.92307864107,2736.25472566644,3506.46388411614,4454.48692918415,1101.1214775206,1143.66641430541,1228.49999917508,1087.56953292229,1097.91426741709,1238.43248603085,1154.28672558665,1107.43094381841,1284.29042100221,1100.53969776054,1321.79448793626,1171.85655956479,1147.171052922,9626.76192127766,1749.69947488311,1105.79307813487,1069.38700197605,1306.78305886697,1065.4236917371,1105.56421552015,1139.63452782613,1222.26391406952,1169.87345563587,2245.3970489393,1125.44500629779
"060",2164.66621670311,821.502022393584,8233.70023208174,812.287583210535,4497.75315700507,5400.11243518927,8828.14849162619,763.870334531808,688.456798310938,966.741511848762,715.345951535415,779.12260842229,1181.11147313313,738.64654227383,777.776693749615,911.115139840254,762.613956819097,940.797901293268,936.877710917108,878.296531571145,5921.17876303348,1599.01365719116,808.106944315664,746.977641645216,996.490670909932,721.186927884685,830.924996135068,809.946347384345,1107.27076987458,918.264909838097,5737.04055571299,843.675867624261
"061",1027.398317,198.84386,18737.94639,1071.857687,4702.008491,12172.64003,5457.99596,74.67129121,10.12433444,704.2045697,98.68897151,236.7973556,232.7619063,276.9340759,156.0954793,487.3075298,101.6113763,614.9362886,189.3548586,187.1394201,3147.20788,402.9198404,66.08680971,74.2178137,642.974656,26.66761797,160.9945613,7.201989582,561.3794557,277.6248029,1526.238171,103.1164792
"063",1115.30279238726,307.362699233222,9396.35162881416,347.3682398504,3697.0444908215,3509.93577144176,5434.59337166499,206.925998286636,144.176321918589,380.505180257063,220.068681386758,234.689823731969,404.034148380523,276.968876031014,219.579701602763,281.252838216382,225.902990482232,457.521834110184,299.804412211828,313.740687897012,564.305291263847,466.018702895604,170.445521578279,191.483682500429,339.992194396055,155.115110672195,280.123169731024,143.54024532015,587.165718548765,384.851335849831,1809.47013730837,216.694374934201
"065",2371.36282716181,643.505931808514,12446.5814792106,1026.73287029683,7254.29660216271,7860.29941623608,12943.8351044074,622.885573976022,501.644231790703,888.727988457969,558.193914779578,625.349351519279,1082.1190311706,779.894349271853,646.368778726294,1359.52222661384,564.621967920077,947.32293085814,1015.76305075996,724.844539375544,3448.0052505228,2462.88131405165,515.010959136675,538.569340552891,886.978326950227,566.270413512909,727.855613469025,483.772346497832,1269.77803667703,835.786790777176,4408.89223899067,687.239026887276
"067",779.91958191011,437.928314461148,9471.03440180475,526.095999010545,2810.55149655461,3962.43756485376,4861.88600205906,311.318351918635,243.961746061796,562.155099136995,322.454491058221,348.905330933192,670.725947943037,448.66105515449,318.844007505137,342.014686474215,342.092577134215,475.023667140157,450.53057246918,409.915424568069,4280.12793898512,466.401603871026,259.510540109431,280.880874715141,603.140750921601,244.635294030368,362.7099864775,241.904458406618,585.384455101477,544.950294489396,1506.44647885191,314.268896677135
"069",1329.46886106216,316.455583542037,10477.1858127964,475.526181355961,3523.75935873469,4698.69665846254,5813.20768043749,247.623468525922,172.253829007851,563.633074350968,259.397108185572,272.730028163135,477.154374222169,309.61053544595,254.467185731553,332.969725912729,246.489218064674,570.571081918216,348.60475839963,316.804208333193,1775.39227083682,504.745352692835,197.305820875421,212.612384456053,377.132584536404,187.575380596117,315.844611368443,172.531603499886,644.627345789568,416.806955720271,1805.48920092499,259.856488915006
"071",1081.42998689717,418.436076194774,6256.01984538454,403.439897510665,2859.33882282217,2486.52614534888,8591.16999840257,389.382579200879,292.915505074626,829.42020003344,332.34887482169,365.228008032458,733.1605366189,373.147248708578,375.095054871739,1146.73815640376,350.140855894191,621.281587242337,665.35746067209,424.352035888891,8476.36053665525,1278.71329841803,293.668974109364,322.484562533942,625.489941347225,302.552073197428,385.562268674472,280.650987924273,580.351441850132,463.920238412572,2372.70839433201,430.714034297005
"072",853.399884189512,325.437934766429,8542.16070577626,283.700826065369,2797.72408396432,4288.39121025299,5471.68377400051,184.672308988404,117.613713686371,525.688953981774,147.58598192592,171.469737672576,665.331811688188,247.491817464994,238.001639638316,1216.84959280396,224.245674217314,337.512287364102,358.63905437452,291.04611483068,1963.3997330509,1067.95561320435,128.573311595957,168.984428812301,329.079360612943,109.920057322163,237.207964604868,120.19242453741,384.943514343599,334.312018577206,2161.74114070426,228.125446752752
"073",2729.50928550568,1679.3748596274,7576.45091180267,1633.42573472549,5860.48859954652,5980.5765181608,7845.20635738804,1531.43204563897,1421.94887364577,1956.65799194774,1556.05400478737,1538.5850653653,1841.06676146989,1535.34065122818,1499.0713982992,1806.79074915678,1580.74663550642,1725.26626500017,1666.90562503553,1612.40581626643,4401.95244581307,2665.5903205579,1600.55916736931,1529.75564421833,1809.58183500703,1468.37656963677,1661.17149524199,1737.90129743504,1897.95021842848,1739.83287676756,3782.70261179414,1582.37065644496
"074",1444.63671800648,891.18132934915,7833.79750228946,977.832931076722,2704.79466565377,4253.71701214794,5310.82067175668,783.657715686479,721.392223353061,932.586197180161,775.823518531663,766.953012059676,1022.9322728714,766.18272827129,782.670367503469,1056.75198408156,831.463697254714,1040.31751658892,941.202069726805,838.481105150491,2400.38331340784,1633.07995724129,800.883683547029,778.682088243683,1018.38016109496,740.79706775256,829.226172429301,899.957283356406,1028.74576069315,989.551822499199,1961.38644710689,832.358753616419
"075",2112.01300802761,790.387324706831,8109.84275668745,891.424137699339,18442.0971945048,6348.83915943589,2403.4427105165,699.881922153801,663.530093796708,1158.75072653828,723.43414545394,696.936344901759,760.854566777984,681.878073473819,787.9685533247,974.698415834288,728.353781643668,1049.60854248869,732.669490299693,748.32079957528,1129.86339307446,1725.07111023694,736.346087128477,766.027704136278,806.451719866493,678.061791323693,840.112910585077,846.280878495489,1022.79589207177,753.179485044767,1191.09952273174,716.025485921823
"076",1640.384276465,904.597783530364,9234.56884467666,1022.48829808662,4148.79292705945,6169.41941271733,4779.09422665223,795.689783033772,723.74630234497,997.602446736912,828.654169431118,789.435131503296,1049.80857775367,803.419012758428,799.016651061728,930.037721014809,864.964353155706,978.76768845289,910.914792956403,863.23624827577,3933.48961371847,1665.10560017913,858.024269428929,802.055632905404,952.899051022474,751.740645025203,898.832523340671,950.171072005846,1008.27699439866,956.209930306492,2030.25909168753,826.852429726925
"077",2163.78949615438,635.565811748718,11719.5947513571,996.516461151343,6774.60464413466,7235.60097845488,2565.59807207239,592.17690126657,505.762763461219,844.272548487397,552.662742430492,582.21712766885,950.342146524876,752.705632802644,664.009849755551,1139.26467118591,553.437755063508,752.824431751276,594.499508823283,710.022404803529,1552.79744576335,2477.55036509012,519.620846810008,543.999219975055,772.972081872996,551.959233848854,686.368723452401,490.719061077117,1030.23378250433,882.272226033613,1134.75420540236,558.285268328409
"078",1834.68391886188,732.450430714822,9628.1830045262,846.525308042321,4788.75112215439,6809.24253460837,11925.8144525871,629.372793228041,542.901626480113,1268.1190908954,663.935903611211,708.466850536467,1162.68341076283,806.322939612944,647.297900303809,868.700294078148,629.361505090766,1057.182958642,1019.31309911924,716.426801494356,4530.92986592092,905.410909903286,540.51174928744,588.869475302296,1213.65960277486,549.672303443512,695.494493210113,549.800526463647,1153.8775798059,762.065939409525,4613.14760533745,662.416346765844
"080",1893.56271122598,766.120940286544,6240.10816375516,758.648506703174,14059.769471937,5139.39732769156,2601.44659027505,666.603169926288,636.549070417268,989.461451574302,692.279766910747,668.968648541239,740.420525195412,648.298565860572,746.924640872472,948.194422386598,693.667905313103,928.694797440147,729.40565562122,707.847487900769,1165.42893507389,1526.64191413378,708.489260379429,717.234653404629,713.592084801088,652.252824170853,805.8299574183,791.975682316737,957.687102390076,713.619427809891,1204.58391359334,697.455297776609
"082",1630.39613592969,734.27412370662,7952.65857165868,706.976546601433,5513.08323742597,5018.49534518399,7176.95329209058,698.019293556958,645.850321158358,928.845733073058,640.874096276721,694.092740279003,1031.56921029527,656.309761935485,719.355836137067,889.820834164544,693.320096201791,846.63103973255,792.562382651673,819.987341673863,2327.05301970097,1614.88614648858,728.21807425854,689.452149834272,891.571732671199,639.919240189812,765.271907168538,752.024596606302,1024.74182686622,857.122364961921,4638.63002365382,735.683989797845
"083",2279.74554765552,1420.97908626747,9450.96959371743,1497.01617931894,10868.0567677414,4561.11257259561,6356.35106236671,1289.3261860055,1322.06343889672,1783.61958741143,1365.48002205057,1294.93110757351,1476.13411146087,NA,1300.97115454685,1739.64571836713,1303.85587636882,1635.52099171118,1457.96453249673,1395.60937272897,7350.67514793073,1551.281070316,1263.46883270593,1341.66164883584,2525.95163969976,1277.48008780794,1403.48037500161,1270.04927812515,1573.84183564441,1368.68989823059,2652.58536723259,1354.76042033326
"084",2985.46680877892,929.177695491424,14747.6752620802,1369.24930552625,9042.85504722028,12341.3403663181,10911.2039952867,934.64362787802,797.172848626213,1427.20359361665,858.761637082463,962.317444270487,1464.1399100473,1038.19561797806,1021.12205049684,1826.10050759994,895.523947530524,1221.88647638962,1264.68957801457,955.018718096587,7413.72225856833,2925.71918136547,803.952650318808,852.457333347358,1300.81302077368,898.735235446585,1076.87017804809,790.548041427211,1585.3902214188,1069.7949495795,3417.23938498684,950.469514184632
"087",4750.99401577984,2744.1725665229,17930.4258225857,2928.30437543792,17191.3031037254,13748.3099693408,14299.7829875239,2630.750657378,2530.31250366048,3202.67036323111,2587.51394919773,2704.56608221449,3143.51224648042,2709.30118085254,2579.50383122557,3142.24249157746,2654.27659839811,3373.73442783286,2910.09093701832,2820.98910983797,25608.4527594718,6311.86019520924,2581.63680380737,2680.55507950303,2993.13337164832,2592.72441526482,3168.2503321878,2500.34677121671,3556.5386866978,2822.73863721065,7235.25718598418,2706.99336787039
"089",2732.97907757363,1556.341711939,12364.0727742429,1802.79841974924,12628.7428495222,10157.9345731838,7326.33239501552,1442.03650030057,1380.79794427783,2328.69643074896,1428.77352877174,1495.92507950799,1940.6956332922,1509.20380974769,1429.70242686209,1855.13882627577,1449.57251418635,1960.35778376868,1602.92211876335,1631.78483867511,5536.32988451138,4515.70274032289,1462.54191180903,1511.89572946257,1873.2113292772,1423.84918289792,1835.29884951119,1360.12356438379,2047.61054708621,1634.72817495322,3436.20778286155,1480.92507388659
"090",1600.38553474339,701.39464578903,9288.56203231558,708.044455588774,5686.08646349198,5386.43596582755,7988.8295370644,633.163324408539,604.410426971898,892.88090959607,585.049585537006,634.514286972537,1000.59705653457,612.210508418093,645.778464900332,789.962902515897,670.103821498361,869.717588959498,789.735163069086,839.173898366502,3007.56433259759,1500.89263261637,690.316787783873,616.861894597768,806.500749798698,587.01327497277,714.74575297511,688.831754941109,980.740277857957,801.324864244024,5122.8547178605,683.685029351582
"091",3050.46741444936,1648.5031784492,17429.86762421,1892.65834906603,13844.6012447934,10384.0846045705,10358.2511115254,1569.8340824343,1500.86977329053,1948.77423530455,1527.1975207229,1621.04545695152,2022.91108680846,1656.99316219102,1527.29829048779,2022.76724325882,1570.49222311973,2101.98816839731,1830.46386045375,1754.19178005787,6002.73262005853,4760.58113259649,1535.82211324726,1593.6320246855,1828.02062163569,1513.65010254561,1989.30291328169,1460.07095891814,2262.56424164877,1731.3800895209,4595.26555493401,1616.85244899756
"092",2003.93592965845,1100.93060497483,10316.3864703636,1242.04362097574,3996.55519791942,6511.79832579765,7525.59960597102,1010.02525645132,977.801952710027,1131.58575663527,949.151290659174,1091.25329398302,1267.89358411152,1011.56931740434,1008.17802766776,1122.60429016777,1022.35367719146,1040.15374553346,1149.51344095093,1091.26489839053,2547.9706228703,1644.11392924091,1026.70857506174,976.187087534872,1101.99116103594,980.209665890232,1020.26809524931,1039.46048849534,1209.84332420472,1074.93243329236,2395.72943089387,1015.29389370121
"093",1297.61127888323,554.515383155434,16275.0060440875,1284.12947038277,4029.0648730627,7309.87276862747,3123.97946647025,456.481732371962,441.213371405632,973.594258003005,489.442434492948,644.507501547495,782.646331863261,606.690410965445,530.440641172946,NA,NA,831.027575251639,578.232243070909,531.077803648501,1959.70402960902,1148.04553935552,454.967132994925,514.307231020033,811.101638829015,437.592511116915,548.434068610282,392.106712973391,1058.70566013134,617.672978379791,1374.63945515717,526.477278455082
"095",1700.79888390137,1036.96944686244,7924.4803188951,1050.3023231055,4007.69535640063,4312.34995411175,6029.10937083081,1022.71754431549,991.145107387862,1162.58717036566,959.015673897022,998.263060739433,1275.61325247349,1019.3371214316,997.991873197764,1131.99396126059,995.986988998643,1035.40618883255,1100.2044168717,1118.91651636048,2822.84820909957,1680.38164167966,1037.22777814079,994.851101660489,1110.61565016444,997.230616898639,1038.29823454088,1060.96708377446,1184.23469604664,1111.03621634755,1950.32527450063,996.969796521779
"097",1351.35086521143,624.535048321665,25460.4727921371,2002.74765408392,4322.83402829596,14861.5895926137,7146.24486898235,485.682360801557,369.304493237904,1004.77246197689,440.111067180195,515.700675496004,1109.56092186181,640.403924842379,525.496901494588,985.375900765342,503.228119142479,735.521021497006,826.877245991521,597.515881043536,2302.43983194212,2634.22473217136,398.313661691364,468.194633314773,913.947533378935,375.258484493975,585.948699718215,362.671103954582,863.110943368878,854.175800082025,2743.21244351613,559.393158885455
"099",2386.93324459597,1630.93341693973,11306.3712374566,1810.56794057941,9246.44783605373,6118.74434371378,4049.73829177964,1486.03101190534,1499.81939365484,1717.95847623076,1484.33072675707,1552.132112021,1804.35148596448,1560.44044029226,1512.50791376729,1871.63098312943,1487.30668363162,1886.44074927465,1532.943789119,1633.37809257328,7196.22445268833,3788.8695233042,1478.86150977101,1511.91171893874,1673.61139877505,1467.47603235319,1735.73850457375,1450.43515349433,1944.84465906703,1659.75451689063,2213.17948204542,1488.45443745543
"100",1887.573139435,1065.93683598232,21160.0071115098,1223.30532732424,6314.45458653136,4645.79948995647,10607.2605141313,912.988840292127,815.191532229331,1430.57493467171,927.239394424298,942.022844558432,1325.92495930553,950.962772537215,954.397175460169,1637.1688266319,892.873968484744,1721.80818982104,1292.48547581096,992.638753343406,13765.3223176889,1823.51094586593,890.826936121665,858.088122754366,1553.79279931329,826.249442162292,969.044322319923,934.045624510629,1398.00594847539,1103.14996264087,3088.06388790894,1091.98986934716
"101",657.715872678546,364.84338867454,7446.97566420708,412.879611412183,8161.40258503497,4064.44603163113,2712.89766597444,269.451427408248,262.83804782009,656.909803019739,274.785931041518,304.132063915304,406.115376906573,307.101406233056,310.093945037383,395.093096295668,335.786381785644,578.55520465275,298.628890571247,435.651287421379,1570.56667388711,1235.45845074613,235.548557418942,258.717323438136,448.480825888333,240.531572508418,373.234047790895,240.654130640383,494.218575144846,413.256229637199,917.919920322028,299.767163685335
"102",2196.06529953263,1403.08268403202,8316.69351204672,1332.84715771905,5409.45150372787,4957.54456695442,5923.16160769518,1312.34393323524,1284.32935778933,1584.65362332983,1240.72597593484,1373.26695265116,1575.3918272158,1284.38372252765,1329.26600484246,1480.44363261557,1329.11216010557,1358.79766126865,1364.85386513384,1423.5420415859,2228.37367293422,2161.12907801221,1338.55758840474,1263.03762619336,1471.34739966852,1281.60867574751,1341.27235267157,1364.99375142725,1515.48158558952,1437.13177654066,2254.48237104305,1284.16551070702
"104",1438.48866132188,837.479990805261,20369.7522049316,922.339298228883,5075.10790668749,6365.81148536008,3977.03873525104,645.557811583543,589.703140938497,1077.87010110799,658.979755116761,667.446183248995,954.150978279358,697.974705389242,683.346558298634,839.386066694449,656.846491979001,853.830395657689,734.151336849454,707.133191386404,2154.59938271487,1442.43470179821,649.936834401662,603.605718779838,883.777251210072,598.802301648823,724.785195277209,706.258364523507,898.781645711076,800.516990653895,1253.37988739754,659.012097941422
"105",1972.71109750414,696.519007798577,7711.95676178402,702.883163913113,7367.38787907582,4469.80520094593,5183.89280202015,637.588182384277,579.499346901328,968.976881445056,620.149452868986,655.214864915557,838.269410735415,557.014302682729,690.360320376765,876.199421191932,641.286653970798,961.253069570164,851.299243808561,659.479395811977,2649.19468502098,3082.80782916738,590.695024185056,674.110799112469,812.470249670411,604.248682027116,720.1257866505,750.65847299318,973.76127274308,686.501662187253,1825.83143897841,690.990110130863
"106",3323.52332868578,1855.85142654796,12275.2914100584,1985.28651775366,12709.1411175755,9678.2055036651,11756.0104609182,1760.39568137391,1699.30153925288,2404.80234872746,1725.93261007758,1818.72061659923,2193.21345303631,1790.95890236353,1737.02438120123,2082.86173827282,1779.36149379474,2307.54375212396,2136.12636575531,1962.17074687802,6819.38429508276,5103.78023812015,1720.75831956486,1744.24146552153,2001.7364768251,1743.16642529941,2250.45421062738,1672.80285059008,2519.77942474589,1919.51097619558,5259.20988777461,1852.31326074393
"107",1376.66468887697,785.691390895269,17080.1293189597,1213.60307500615,5919.97004986845,8494.52015927919,10061.4573505193,529.84990588043,441.925296880797,1066.4010294706,491.000443922489,537.447612451109,1226.77620645676,656.519033507665,504.16909385975,941.336595099958,553.541707907476,791.854961474982,882.809891574441,712.16793334151,4891.25601438133,2672.57859740011,462.066698535636,517.479352321067,921.635751428926,455.107837723534,662.882589924148,426.70105982764,1017.91647236638,856.996398135878,4623.59225367555,607.922977969587
"108",1921.00442577426,854.514001887475,24497.5577949856,1482.12219895728,7013.97353462575,18328.6069919926,12068.1652354876,777.536202689765,684.595052124678,2429.6241120309,757.64577803804,849.085172667778,1984.7806840445,913.29441045649,771.409970972193,NA,NA,995.864556299025,1174.97790025143,963.056177299573,26167.4952090276,1506.78992774085,740.222816855885,888.273707040859,1431.61308480959,708.437244505663,911.215147254371,630.210146164524,1495.29710525157,1019.03531184307,6897.25956916225,882.291790560007
"111",3175.71180112332,2132.05912341261,15289.7850934241,2202.44871482907,7983.7620040972,7802.54427334532,6020.25892965993,2058.25248239778,2028.17755180804,2268.93242237903,2062.90349019605,2068.88229605915,2290.68186434507,2223.04267050503,2083.52090593275,2377.91010978826,2101.8406864943,2262.15077697488,2158.05622554094,2256.28613573162,7590.6492184139,3489.62387407326,2112.46904802444,2046.57923717912,2386.91550452549,2027.3109573369,2170.31342233511,2144.59626857286,2277.08105192474,2275.13891142934,3047.04832257424,2109.16630517578
"112",2174.47541882567,1568.37637506411,7863.8249559611,1532.71147174044,9651.67367266016,5002.63059133833,7248.77197397887,1486.83870544911,1524.87286128639,1751.68572382751,1536.09613139489,1529.1481974753,1625.55043140731,NA,1475.40399374953,1740.8718362252,1496.46726018081,1633.9035860182,1763.72026792677,1580.57213066343,5133.95563681288,1646.6734390363,1447.42135691141,1473.34901802579,2800.88322835468,1470.18887367624,1596.01257738138,1451.54300774714,1828.15061924643,1539.19411265911,3000.27525848435,1569.83808923765
"113",768.704202287448,327.040415637777,9337.16965508234,322.503663789426,2473.31883032616,3008.28573424184,3274.16970384147,219.940562139384,172.155600276654,795.436001279049,204.52435339167,231.252329199169,558.831901312235,308.220817301264,270.999969261363,1324.63188028225,228.712110333611,332.069557462796,281.754162259814,288.706348889021,4101.1216182914,1061.56574962908,172.419162384601,207.831867886014,296.218614257678,166.400441364655,283.414914211515,175.547296298318,397.296586639552,361.135312702772,1273.28801530423,226.282188609402
"114",2501.29860299858,1675.15602115833,7159.845978167,1640.78274080134,11077.0852703618,6093.86356928557,8700.554830937,1592.72101812982,1624.94603598438,1934.85644512156,1627.7865345804,1694.88843461105,1780.47282158471,NA,1591.46150865034,1830.4618975838,1596.41652962303,1737.08795367619,1874.48492802346,1673.39305504536,8642.83515931369,1851.89810992027,1543.54210177119,1572.76395890138,2825.1592069427,1569.45130034822,1714.0480250189,1552.7139293601,1933.44466441989,1637.05720517951,3461.0810691126,1695.95912629464
"115",792.24354606613,423.006546799347,7572.65654059272,516.176718383613,11417.1659379722,5479.00689278743,3626.23104204596,314.733770301029,316.280984146796,856.3759051918,319.477071071009,366.332762817913,471.417771155094,328.857906246961,345.012861400853,445.913056802986,375.349561313015,696.436436154635,363.131537357268,530.537709351033,2002.013448581,1381.07566428724,283.312844807353,312.874708221703,521.470049148603,282.271840386065,439.252289777761,285.959150550724,578.699490793533,477.339838343336,1168.07670852709,360.548344765825
"116",4897.161915,4075.693395,11919.62474,4095.637615,14124.58003,8674.340924,9347.470544,3874.170974,3871.911429,4263.833391,3940.722307,3943.913062,4090.596715,3978.809109,3977.93743,4155.838741,3954.338857,4239.08077,4097.503159,4057.076995,5067.816821,5679.781632,3831.45264,4038.005401,4087.064091,3904.379275,4058.696142,3874.59579,4310.729572,4138.570077,4842.971549,4064.626834
"118",962.890552994753,446.471116500605,8605.31387150202,622.199909531549,11219.1555626048,4551.27577280098,3386.420676584,339.54331287869,295.380454536666,983.090931177714,381.228436500504,363.479145184895,606.957625595268,320.503012569541,387.485585733923,553.544959709061,460.773599028676,810.868388709761,387.445819399458,551.025381043705,4043.38994818063,2260.79793662569,312.805754885834,390.218335065119,613.342264020185,299.153229649198,503.071312900104,314.748842652427,610.275416681338,283.522486055345,2423.20704267623,382.079294390771
"119",6354.889713,5020.902951,12207.22177,5005.932777,13061.26224,9889.115858,12004.86828,4856.090338,4814.618697,5103.247427,4898.56005,4937.781942,5088.893799,4959.017725,4950.845972,5158.652675,4965.78436,5177.372245,5341.866036,5045.551545,6847.719568,6530.980824,4867.71634,5017.589484,5185.720143,4819.243624,5102.527205,4830.759565,5416.934687,5033.716548,6153.251433,5155.676676
"120",4069.491437307,2392.61582140077,11478.8628155771,2487.9301429554,13798.1795613006,9825.32063973648,12277.1760787739,2311.39180618099,2275.39679544452,2867.39084382636,2258.96448201758,2346.66286365916,2660.23071376723,2420.82216143108,2293.97092021554,2754.83591127093,2276.70862035335,2756.40065178125,2651.27720012907,2537.56888262435,6958.25067694777,5387.8066735489,2264.76641325661,2318.4761187817,2716.3567301067,2282.19549624809,2684.10312801814,2211.83889091711,3096.35555874973,2426.95617088399,5440.37076698093,2365.16816544761
"122",1477.4278357348,830.94113561089,17507.3054850632,860.476958179567,4369.16590304848,5506.51166215045,4944.05609886213,650.345823416475,602.242050612471,1046.41473397323,663.397037847976,652.782888482956,1009.47069503533,691.381818284761,658.399872723419,864.014102010152,665.209337832422,924.202211666069,771.467829980689,705.326298589207,3362.34793490427,1384.28739544655,661.624581348441,622.226765083968,1474.00258275506,612.465519118588,737.954159788421,704.310887568838,905.776180544919,764.902044052098,1568.02570426749,651.338418738111
"123",1285.9602156717,340.81657291176,12833.3897232707,392.666756700428,5032.36959002598,5468.70878484205,9296.87479575858,175.275144987422,83.6292801057325,358.184438695887,190.952404228296,199.14969630019,564.988579106209,160.674508241684,163.557382035575,266.081644998403,217.701982011452,512.163125984781,417.322553985601,327.179625968826,4357.1896555722,472.592544940008,123.19572966718,141.488444821773,416.660817166412,90.779078998348,282.021609909191,86.6920195994064,689.945049860495,394.668473556323,3007.12341375803,230.906364598689
"126",1741.10818069706,1186.44252534744,7942.08463266922,1228.0877168673,9463.37606449573,5043.31611837479,6551.53080113274,1124.17500066953,1156.68479605913,1293.30361030909,1166.21372884288,1119.26308744081,1230.09960482306,NA,1127.47250749708,1286.5509183671,1133.35242295337,1301.86104972373,1319.89606983603,1223.72512125697,5907.27104401942,1259.73967242661,1100.85983517958,1134.49925233578,2172.73265635711,1114.25288131661,1212.78102826411,1106.51052369989,1414.13470556463,1172.22106980823,2566.45477730906,1195.25733600424
"127",2190.37084885409,885.134090394788,6862.88740908478,901.617319862718,17700.5993088795,4372.94415488099,4126.84860540753,779.09113042529,732.55584813165,1137.29858804336,794.056058749534,772.688325563767,847.741513434497,753.041389338893,861.96133445374,1160.17560677937,801.469174982466,1140.44685431542,906.140656292675,831.201072708733,1310.01976119778,1773.31497334299,822.692903566651,832.343225594934,850.119490994314,750.078322807763,931.651911903058,912.753743775921,1149.6299555877,844.979984514463,1812.09692009069,814.809964290982
"128",1796.98970055392,904.209913865178,14606.0476861194,880.498152337311,6152.37190999545,4475.58322672507,6969.87444336702,735.928762441898,664.878545639202,1143.03310368418,727.905613709982,773.810740107778,1152.49245985863,779.83577672903,758.554038162061,1050.87867326805,735.643467837335,1080.96850427481,947.3323699876,822.571013211481,6411.84372401529,1522.99936158904,722.874168214658,679.653616909679,953.870634975204,679.812940409568,798.280777559986,781.247242258559,1090.94644706719,866.279142501341,2146.12747786052,806.083059123189
"129",1195.57258114504,342.386245710291,12993.6129150291,577.595294725819,4184.30673619364,5162.11903293327,8398.68183406946,253.007487801636,159.415121489678,605.39811589015,261.929584744635,293.689952267688,576.270393002282,303.463380704274,233.433923028074,369.114475607599,243.243428176782,660.328492225596,517.430401369065,352.775916194774,3454.47320203389,509.341686779183,197.829546645648,234.43507215071,564.645808964295,179.871235545158,368.426427582882,165.870912490362,718.676127196203,412.038742835466,2539.55320384331,300.689944698892
"130",661.211708244675,325.997305892655,6168.93529991513,509.752074159203,7671.8713539201,4545.03633244278,909.384246116631,260.225544730141,234.884035597962,742.514100387564,308.945785478226,285.151411502221,353.203990873706,261.518396529796,319.341917345031,396.844486866169,321.097516538531,524.051834256745,269.239632476548,361.071635926721,859.854743203374,1724.9772730232,256.182580663927,291.373181237448,386.473094820522,236.610333810307,380.386902983159,254.198001767976,443.877148251956,225.541058529848,690.101445378861,285.413398285008
"132",2753.66323040608,856.77633789735,8610.88541470147,909.876709447814,9794.58340381685,7115.33793025134,5300.4569896955,785.15560021143,710.201240773532,2382.87969458143,768.641248947281,797.976290840612,1107.2822283636,700.174052579779,855.564873431093,1212.87969006206,766.3380333986,1290.96510783716,982.102578948519,817.699837797467,9478.36619241699,3552.31877636444,726.129439934338,888.814677946578,1099.31442831576,766.102162479739,913.611454877383,917.142070644234,1228.39351064039,852.356230469912,2111.81809812928,831.899084961234
"133",794.858052710053,372.810556635944,5688.02965807701,445.874857365556,10233.4336006636,4161.43164122318,5287.57978149886,319.225270954294,263.791240969454,790.173485915204,341.877320099954,330.487672216885,418.540364999901,268.804764450554,350.410160421295,498.695370250943,359.767413991731,671.028818291313,447.300387858245,467.011829868268,1008.49397182453,1904.83051164788,277.765042049618,310.924365708095,445.197081063869,265.542565389626,450.117055302418,284.835334798269,637.943935531716,252.175448821647,3998.6244209378,434.69802844154
"134",4558.1222177972,3286.60865416676,18495.4584994487,3704.33905739719,14341.7042861928,15995.4531730919,10278.7854670482,3172.58648560114,3180.8335290936,3877.39839691382,3138.33917642845,3229.95390356766,3612.63137199961,3393.20345901983,3206.03217642914,3709.70294433921,3148.29655338275,3657.46650808599,3327.93137173533,3424.01247325129,16012.2410845686,6227.03494910063,3171.29826678079,3282.14578701943,3749.08586407972,3152.79213274963,3545.65359861091,3113.94350495471,3921.66604687758,3326.94123613539,5855.26186076899,3201.95343995425
"135",4384.89613799179,2481.52183244417,13112.6919306991,2648.2497264348,11862.4697383355,9642.25092411529,8231.21892838686,2382.8756035695,2373.91844149168,2714.87466057166,2372.44925190721,2435.17423684155,2760.63525225679,2502.05788334805,2414.62607258058,2898.45489094169,2356.15973776207,2776.61796942031,2610.51991293569,2543.99460624781,12397.6898577752,5293.46722729128,2362.57841266768,2404.81668223265,2695.27949986712,2346.30956511658,2722.82221309932,2326.11714899447,2973.65142006476,2539.53766627938,3798.27294310145,2424.24488241172
"136",1067.97031627702,613.653488693382,9415.94510875437,786.306537388156,11829.2185431479,6518.71595933771,4310.14778448145,494.263895648048,440.18471068112,1202.28144241409,546.039039193774,570.032229991368,710.519745427151,451.871376268673,584.081316571069,791.59988507086,590.776866434261,1072.51211874947,544.907974339112,641.581539419512,1292.66240734266,2595.83324823173,460.469703845312,521.113555733927,768.346454211729,442.151842440365,675.16667741939,468.50814395575,825.329264574219,425.040157781701,3299.54447201071,554.516082062343
"137",1187.12462595631,832.137295540986,6835.57580915508,855.429807470778,4438.0397349426,4201.38427007615,2664.99326043375,763.978963404644,791.824936052636,958.319452035475,802.156232741538,811.579024878167,925.022688346008,NA,792.285120471487,875.710813323238,788.607858705188,930.152084225917,847.39500261855,879.433827951887,3447.68743337586,1717.83631103261,771.510129265086,841.346763115227,876.072992949069,786.299195067143,868.972091164776,773.228892727003,1025.48645327461,823.159062937105,1236.57883854516,847.937226110867
"139",1829.63933545453,861.129580816496,8377.12312215037,936.067140377487,3368.03868984856,7255.96901435689,6153.3062401036,817.139011919147,736.142496021487,1103.53992818051,745.511063814234,820.069679086759,1182.84435607599,799.636059664711,778.881478056518,1042.4067682628,775.422398942188,1065.14225471667,890.034633308611,885.560954660883,8402.82856583421,1760.22156292506,785.245612715444,747.643196976098,890.252214592237,750.048637819799,891.119440947896,823.650734987819,1020.12049251368,837.898676091827,2596.78562238273,844.85675347973
"140",1262.99068797148,682.536273237109,15032.814887719,1034.83064261381,4410.53192651452,7643.01373599528,6340.72262299479,499.358797221816,451.89402094863,916.288866577006,547.484089400772,532.217961086177,998.419361645487,594.201293681504,503.816918681466,730.87850301384,535.033272127602,933.37314706736,676.260761481698,629.60475820132,2007.48511832169,805.808887504246,454.249483022469,497.845095435888,792.84049392511,453.832102918768,603.295989713308,465.914662351139,913.812349856386,685.343093992097,2425.69339901818,514.198408817673
"141",2536.93175515912,1205.85881189335,9900.76188321343,1293.69347959495,6517.85017000476,6398.28178916848,1975.81752891129,1079.75623538464,1056.10235024107,1467.74906862686,1099.70521493768,1170.23836176565,1301.56490489021,1053.05859453566,1275.892790593,1739.34870290713,1142.01113470026,1297.28801774576,1070.79317445398,1089.8408882503,1730.7708966845,2813.468457307,1135.3145948453,1079.14821615317,1172.44535453319,1054.57950090289,1141.04894384653,1182.59039150628,1376.08916941356,1248.00695411489,1373.13694654882,1108.02536655143
"142",2124.93522409354,973.535964599543,7635.87998235388,976.830516547502,3932.16663759344,6651.21324725428,5929.70497378284,893.719353550536,831.412441035875,1171.62813024689,840.474727769113,954.993854432633,1283.41755262077,883.14252136411,881.682780270619,1140.1900906968,881.487791630484,1050.05312522014,1062.9078659514,985.577181300742,10786.5003081612,1939.62203215607,882.380259280714,855.759110830686,1081.38693078894,843.074258786103,980.208641345374,929.129635167912,1099.79172447548,939.660782493966,2244.49416615277,983.753350106206
"143",2616.71525651491,1877.57520977429,9586.41624615276,1781.92498530823,5141.7834178914,5081.49587999914,3133.0720431137,1824.51623186787,1763.5974677565,2043.39918637593,1800.05319508089,1913.12680530284,2159.2875318442,1820.20879287093,1859.18492009307,2367.65988382452,1855.29098832427,1897.58943773701,1811.56802166925,1835.40568825492,2026.36728959466,3522.17600933579,1873.04271605335,1823.52717435548,2021.30058822542,1781.93855007584,1811.77011946448,1899.61689990072,1914.39285028955,2062.17330806121,2184.55395965744,1900.62921528187
"145",1060.87588308606,418.030506951209,7846.7176360626,287.083291647369,2721.23315807267,4098.75372042837,11103.1164828217,297.554210306134,198.183741517877,2631.04256712406,236.912035893043,359.844352544589,785.064041499705,354.504984786531,385.99556041555,2326.80325318723,346.599598112773,383.415678630714,1066.04673662916,360.86153230447,2567.20348925845,1247.93528547199,198.12064619191,239.379972085678,491.884062261127,189.719113447397,342.036745517647,194.822610189299,578.825628280703,439.544947986006,3490.83622259432,468.012369440119
"147",1360.021116927,565.674247149391,7907.89739654441,742.992221089475,9508.99313448278,6821.92796688181,1755.94596370307,519.633366998525,498.789051113656,702.779553847214,518.053465574979,535.016965980845,613.992406390026,492.54297567887,567.299936671655,751.522088483889,516.354827602422,838.587279081797,536.162239681161,610.902870439243,839.068363708766,1969.86379380224,503.886546518598,526.401556905554,597.417238865054,503.621045743685,639.416356210417,498.856270249175,759.505944428341,590.091582758366,782.238692602398,543.62712953556
"148",1964.56982815083,850.365522828206,6491.01054216843,878.170157756072,19889.9222538731,8839.01337910519,3599.21684683728,774.441754569205,723.830586237981,1136.56507251269,742.969171489186,815.004112208297,874.191606489071,683.512944988668,799.245666452801,1259.47916511923,745.868299141165,1281.26450150853,770.145349723502,997.727944956469,978.436884157355,2801.02540240452,716.959011718915,759.750158559581,846.158693459845,741.644974844669,930.146552367133,724.087322728361,1205.93847739944,815.135352669712,1752.1296271849,813.92399431118
"149",3339.171943714,1648.1019986254,17770.0784959129,2112.2621226826,14947.0828893114,10289.2832062743,10720.4596866215,1579.31412209334,1393.03883119955,1626.83112113588,1532.26726769623,2018.23345228259,1913.32722345516,1538.03552240241,1387.02569052592,1883.02975053665,1575.04455664249,1877.88858774785,1885.864925792,1648.95772112706,4583.70763492227,3477.66218968429,1465.14466890811,1467.4179458251,1791.96649102225,1434.8408886455,1762.06887712039,1454.64900798177,1915.92426031308,1882.51286042512,4271.63363309489,1542.32526933648
"151",2442.08266795453,1928.00262990087,10609.9685392054,1876.30710772383,4117.38723618434,4587.29178907791,4758.70606089904,1846.94369526755,1854.4480548989,1997.70671810811,1834.20967464367,1838.76234530864,2073.99934375589,1851.03172533629,1838.01848236808,2087.53188211711,1863.36464732121,1928.20252297051,1933.53819599072,1935.07297979172,6670.22254939256,2613.67100057691,1854.52537145753,1816.02318041222,1997.3255604117,1806.17476665622,1858.22421732888,1905.28200674546,1953.27179030704,1928.14958411606,2628.27626878186,1874.4179093611
"152",1882.76870572493,839.350184091503,15444.0904690498,1009.53682088698,5874.64066230295,6520.34948935615,9394.33249009803,568.882479170838,517.213801865104,1248.20404834424,640.689350944982,633.116569273415,1158.05937968632,700.30241015286,655.249698158223,886.087808192811,607.881063210836,1078.08935392494,915.756209396163,712.160938754462,6197.99303668636,964.05885993291,532.662310006633,576.594956631103,876.138703458834,520.806453857417,667.268490293995,514.121766884187,1056.74247005136,812.851161385714,3388.55876072579,650.148143155286
"153",2157.75267376556,1040.55109430345,28558.9125906593,2031.73326446158,7378.22645683893,13703.1280497979,2828.8953734782,782.392026323481,759.700675532796,1685.32878657132,832.107990460591,1120.02838606599,1280.32491841885,963.652943192247,1144.14788232606,NA,NA,1282.69234845603,869.695631325894,878.71183226637,2504.2277986925,2101.51157747103,801.261858656187,1001.34252834679,1353.6283886094,762.093197527423,929.379410039251,701.07236973518,1424.82344127204,1245.57455657715,1371.14086820913,833.123219823504
"154",1996.13097733216,1631.33900665675,8765.87453037084,1898.97831781004,5117.90294537997,7190.53478325344,4242.23465757954,1481.25883288912,1480.53000348208,1787.69314359937,1492.10006037354,1561.59627444858,1720.61960508454,1524.68021237434,1717.49081758633,1750.90419682011,1523.06637623038,1943.83954792632,1581.31208993909,1541.86750098427,3419.24234317933,2394.10136607155,1483.05189331415,1508.44348701642,1768.78846196884,1486.90143902982,1605.3758501333,1464.67730906228,1809.72323831184,1564.93591033949,2352.35851180519,1557.50196025255
"155",1802.38292028385,1309.78981447093,8129.50932117662,1222.68323039752,6111.24835466566,7943.23536431753,3329.12316778741,1103.5782868941,1127.48714983482,1698.96569456485,1142.14007642575,1356.81543487899,1377.35103915844,NA,1160.94936814479,1260.74982862921,1228.43283667822,1307.21537757054,1171.41778628664,1229.29088547854,3801.30797051622,2312.79295304478,1104.46884037056,1161.97380827878,1276.19697985775,1125.31866541985,1229.0046630516,1111.99629938249,1417.97025092993,1172.4826769153,1733.16566608688,1185.01549994528
"156",1265.90578020707,594.699276246678,10775.4514336716,1021.49324287758,10077.6286412211,6987.24422743571,1103.81377682124,490.169771208625,461.797422541529,794.691648388859,481.936213017555,627.253995090847,563.396507494479,478.813616699122,581.284455376864,864.698479438615,499.240269958092,1041.6472373509,487.690539052619,553.701235031005,838.265965068052,2025.14042557141,474.533200512895,524.782372522954,613.369817487899,461.924828496885,622.121289636153,475.27283072759,712.296082117402,592.03565514648,630.949080685242,493.156664861532
"157",1785.92140625309,796.292162207386,7442.42467859438,956.853109550509,14055.8190480862,6591.50206144873,5381.17035163626,701.067705005402,673.191455308735,1147.82997064576,686.477615714929,736.498466099823,818.587006826333,646.08492276009,765.658189172554,1200.1647883747,702.726745877967,1352.32130433238,861.886211170315,861.277388269342,2148.43000341341,2629.93378728447,678.394971520987,735.810801576938,895.587862314474,672.088514733094,896.055269918803,682.138359507433,1127.03181318843,800.590221531566,1849.43715194416,784.536876723711
"160",4671.190559,4149.226001,12723.94182,4312.11877,12431.13902,9265.507647,5931.501755,3949.392883,3914.778515,4266.630467,4000.118319,4148.789897,4258.388391,4007.571483,4093.572505,4333.276445,4089.940496,4940.795119,4029.345907,4145.052012,7659.062699,5321.769928,3946.661577,4068.807906,4132.333273,3952.518614,4106.168785,3949.444436,4210.097686,4147.179434,4348.960161,4008.641523
"161",755.711963911059,413.293704086805,5089.66996272594,620.085030094514,7184.64638834581,3614.69865321629,1717.18137724847,313.416106065415,286.045331574819,603.819630460685,317.876529474048,380.046323675584,444.091454925384,322.539392086412,388.028482402295,562.52616789118,350.727689029097,700.693261458898,351.650236720725,408.556175463677,957.296757316336,1144.98170955909,282.599600758532,300.066056384171,483.717429057983,287.116138420013,402.215407432213,284.14436153453,511.664547439424,398.237692030535,544.117302675832,328.218932762031
"162",1464.25268099165,720.750653018549,8500.77118478452,797.448834886867,3148.93629899312,6638.30473614027,5128.75738923099,666.298490502426,612.621010893738,866.544799059649,628.477462621887,658.246017436793,913.77152218548,654.32614953542,646.735269497614,939.306697322298,680.602949360066,781.635774339382,819.888321490206,780.231649213557,3427.40131768148,1519.92952461984,654.233905298133,617.732177208571,752.649377504852,617.108176111908,728.745604207287,694.30727290151,834.325692484375,710.514367917276,1899.03426757705,746.383377586388
"163",4357.45568356502,3988.59781318103,12861.3899253556,4210.17076357145,7168.03318824579,10475.6185428276,8570.88052269816,3812.38502244844,3841.28663390162,4377.70294691147,3888.03098619074,3868.96167491001,4064.80370565222,3926.10193396179,3881.43802734466,4013.32700971117,3866.04328151378,4165.94743075542,4009.27248542809,3851.6428169623,9146.66649046288,4952.7489034471,3812.82630817473,3881.48735720357,4261.14502622361,3815.9247563782,3972.22696082583,3829.42571621484,4149.94715675976,3941.05604213328,4885.39708634203,3932.19756361873
"166",2522.66887512388,1237.675367423,8354.63899426678,1198.76821880569,5129.15598463727,8754.18210949359,7612.34855290011,1175.84240998145,1105.02597890516,1733.33971000387,1095.7900704479,1214.5188390882,1526.13751287332,1141.97167994979,1170.28153043929,1510.20149661697,1175.45073135606,1393.26651029701,1390.36466675342,1329.64302335459,6659.62792768672,2367.12436977797,1147.3680482701,1091.468058445,1461.37158426964,1106.81967789566,1264.74087701299,1189.87268848678,1451.40010873447,1228.71815993637,3033.51183322877,1264.18936317417
"167",851.433595535408,290.854045126371,8064.70576588694,251.926743873472,2640.44435764832,2084.11061030918,5871.81850085517,178.985119260908,104.471222449916,1182.42668997539,142.713192075424,159.839813417565,704.761117666257,312.158649051435,236.1508288954,1899.12318433373,175.383716016086,444.693474665774,384.864483518697,274.890734738677,10593.982327824,1058.0347556063,113.325280131861,141.977223925729,314.552546611464,96.6369670772725,227.961528080049,106.083503977679,387.826347135153,335.799813073053,2470.13001955098,209.675258808309
"169",4120.77125313851,3702.4897375554,10608.9036285709,3705.19857082784,7740.44509015468,6614.96859138411,8475.90864053701,3480.92244326915,3514.96384475905,3728.30005169457,3545.34278100155,3501.15959149999,3671.12954781635,3515.88893870059,3523.7201374095,3630.55352568012,3547.44286045941,3690.83089975653,3668.18368733447,3585.11745198835,6809.87993158287,4508.0363691225,3486.85823623376,3511.08818799446,3777.08575970616,3485.36272476413,3612.3575349409,3504.3649363575,3831.2586000287,3636.3942898687,4626.67952079031,3581.70623969272
"171",932.053328390668,424.041952586232,10504.6738521594,837.154470236396,8881.85705864869,5783.24685902807,1593.82766308019,345.323892276181,310.607199273117,859.979995432412,347.654313400529,371.234146549755,520.683391722861,332.600646591826,411.374271996961,715.164059468531,374.193653894222,754.543630210143,355.223072294306,463.339497182573,990.149698466567,1340.89630127549,314.3507682514,401.147615869809,509.301999572768,324.542226626585,455.368542233924,307.774679627154,589.514063375565,439.959245595758,628.797570705507,349.905578768083
"173",3822.04741584607,3180.62589440951,8555.59803382027,3181.21840531912,6023.79453972782,5751.99990036934,8942.04675450807,3007.2005996834,3024.77396836348,3489.18417589779,3038.69813656667,3012.79828196356,3168.11934202663,3090.26845653028,3054.11595071418,3122.68611902396,3038.14604407321,3309.95297625181,3176.0476029005,3062.80611504632,7834.77003254693,3999.27437109344,2986.16776708996,3024.56025951523,3562.7559623551,2997.74826455584,3176.01110023668,2996.35077593073,3429.35731868498,3099.41946385153,4602.52397875685,3086.26190110823
"174",885.247497822403,369.645502094169,6830.5075198577,578.068545689933,8606.43292650722,4040.53400445768,2721.58346835031,291.458744653025,263.921338873666,618.467188889713,294.086591264311,301.622693626454,402.61447086299,267.606808120761,329.649476738529,515.17007422789,356.408585711277,638.015824824629,363.42888678511,486.410633531552,618.838214991872,1124.3998751225,264.820610382029,297.426284520458,445.015613042802,275.924805083545,397.51724804711,267.941583705897,536.429621266589,380.429055025164,798.213070458569,323.972273464904
"175",972.896998956355,466.526892390549,7709.2957403215,703.108731579441,7484.84234194708,4896.25320777022,4744.62259668055,396.686256594319,340.611498166764,687.875388784659,373.630069322989,417.031202238564,574.863933097581,369.506525219219,432.253194693288,658.284579539225,434.490467938311,797.770850086761,535.383212115461,506.857062089403,1310.58117824034,1244.070922038,337.966740944964,368.783118160449,581.419919071992,350.448160067877,485.286015666285,342.363797105962,729.149139018441,469.963862689771,1628.8084411724,450.258187175156
"176",3297.70195896968,2466.08704677411,9709.59002639289,2276.85832304306,7289.8817366351,7387.56164563747,3530.45503650511,2268.76544019759,2249.67745668719,2661.30742907633,2373.96470182972,2382.24478938907,2916.3330722094,2294.86804830681,2330.58864373848,3199.6995209258,2568.88757818001,2461.98680469994,2269.23274985009,2345.49412182817,2794.89937566311,4426.03167134231,2318.94660298822,2242.7193928744,2765.0594736038,2256.13952601997,2325.72933954017,2415.14976192264,2365.90959539318,2622.10294059136,2663.29134895903,2305.23803727057
"178",975.862090751928,386.515190225632,11856.8090765669,565.373011563131,2657.63328347855,4855.3041330441,11110.4367482074,316.638672555648,220.561137435671,490.327766871317,306.137449131957,364.426796935641,673.896983444712,375.948064888531,287.872578219607,335.042785651355,327.769151456871,507.845248345499,826.275958635469,375.367672083135,4225.00881968565,416.483118718221,229.811002699773,274.326920641061,632.057031691243,233.615022402661,367.19526857219,221.867869390368,648.457917191348,474.147559717785,3561.6698153641,470.177705544129
"179",3921.79102325926,3191.17593987429,22763.1669622025,3698.27543603068,10597.9016591309,9922.50000309058,5833.8936512734,3120.3877754396,3016.88103312824,3515.13377074856,3097.4736415248,3147.92874882969,3476.03396894377,3189.65531797423,3273.20607603007,3494.34950974837,3148.52171924819,3261.44287451305,3136.83985563466,3236.17731701717,4951.3353893631,5328.40351374932,3092.68436738416,3045.17687335305,3318.68115997022,3012.78516863353,3294.54415835578,2571.78998905731,3311.76097716109,3476.19916871651,4065.50525127603,3189.24282677973
"180",4135.81826859724,3711.36679325389,11555.6609271477,3846.43988644904,7392.93458767797,7982.77562431051,11210.4378212727,3586.77231547849,3616.47203019578,3870.83465293598,3631.96124592317,3600.92329009467,3730.65502749309,3670.19837470761,3609.31048757015,3705.48669289271,3651.09481241374,3792.99318278358,3869.57370783084,3645.98351232974,6404.65509469807,4529.71479099852,3582.98234209016,3595.42946535116,3901.29177312492,3560.22761295806,3731.14245196431,3596.74489702915,4009.46800899815,3710.05935255108,5612.80562969918,3708.51187655576
"181",5609.32145669796,5125.56136213365,12936.7210998453,5027.05820450957,10504.1280891093,9564.85774665794,13652.6817864443,4929.72899924757,4791.21981262928,5712.12075190277,4891.68837066626,4932.5176496369,5347.99999879146,4953.31975417389,4926.51607041704,5127.49336740008,5021.12244453054,5253.50618074302,5185.11039901618,5071.00058742598,10859.666057808,6485.4186272373,4851.36532219054,4966.39473071241,5350.23937278727,4852.36902907549,5099.47823212646,4870.73727630409,5405.90529407019,5051.25537793476,7046.33572424477,5019.91613737001
"182",4919.07821156275,4375.82912317733,11079.3686464341,4297.26174029624,9450.26194121852,7220.35834752033,11738.2078247168,4218.87078642452,4111.09434687455,4552.18529806362,4214.60187732954,4269.79059270657,4491.67288170267,4248.91821977995,4190.90753677778,4346.47900903568,4321.2609152279,4468.46620928127,4416.20681144068,4350.1217908374,9839.82802499974,5550.50424787479,4188.68991416038,4208.33259377146,4640.0203517161,4175.80663430745,4424.29870759204,4188.85262333352,4595.98549626707,4355.81626494173,5977.52477449671,4315.5545672403
"183",4511.83398247592,3847.2675676847,11756.0388223847,3857.306598745,8987.30941968636,10117.2608895079,11487.7476293218,3600.72892620182,3506.95209906455,3926.09530142097,3625.65936202219,3695.67037326695,3944.50243037238,3682.45518254055,3637.62385227372,3854.73987998034,3670.19658051794,4290.67101224785,3919.32597314549,3700.39599947638,7981.46300569758,4833.5668910556,3574.66982560086,3603.85682938461,3912.80662805075,3569.05405151047,3754.5506735295,3583.86354831177,3945.11534501362,3709.92572968187,5260.06402488036,3743.72546660942
"184",3349.98319547623,2551.46087080936,22828.6367501687,3127.58672074896,12106.4716171166,8383.35900245876,6635.28751240688,2501.73461618893,2435.08334865806,2867.86200703353,2499.14387643228,2463.60364453358,2951.77979142501,2722.96578084548,2518.87228251313,2863.18460532422,2524.62486601218,2595.54002959426,2527.53113354148,2693.53418398886,8315.01180128997,4930.69650124193,2468.25531146718,2501.52702091539,2783.17784356655,2438.19972670875,2704.04923356792,2026.0384091711,2784.14776193984,2795.1814010414,4535.89169126322,2583.82840700468
"185",4816.32436122161,4495.59036006251,12954.1346926467,4540.57636591911,10685.4413574478,9554.36004008557,14728.0341426472,4387.11620256436,4310.25337549222,4761.25022855753,4368.44818021732,4420.63692684163,4646.3844978687,4420.5329644011,4379.42379202458,4573.29210932408,4476.65134459723,4662.28496015266,4580.29851445696,4545.29688351082,7350.68894087123,5604.02685646397,4346.00044078724,4380.27883240969,4738.98332461864,4326.89316133873,4537.2365098426,4339.30232476371,4922.6064399935,4482.21935937356,7456.80475644273,4561.77580331328
"187",1801.73142375986,1373.17757251934,9515.50226298069,1412.29094552862,2908.7810168727,4687.76551383062,3435.40212846229,1335.35097974769,1323.33557922998,1591.80890179283,1328.77164021638,1337.4774985151,1559.97730546254,1367.71650279242,1327.66304850839,1499.64528423664,1339.98397495644,1445.48618441495,1385.07404999894,1400.12136052895,8316.3659374083,1957.55022041231,1347.05152316553,1333.42640229407,1451.48793516151,1309.38607295965,1352.28574893741,1386.08627307651,1431.17691487523,1405.67776363728,1917.87381971713,1387.92187437257
"189",1772.23985084519,653.311554733335,8991.82659205885,978.280232827928,9267.04915900024,5830.1947249247,1103.93616739795,543.896336405094,518.694770587498,988.160121228159,574.373161234953,719.352796187464,745.335323193148,516.729642503159,674.054343546306,798.549989920992,627.203836251582,946.804759616632,544.372687722041,567.507908565409,1796.46318997583,2925.31059515633,553.522454569818,620.626505405404,713.39056431295,552.883622601111,647.133855180559,670.507758264536,761.627584151665,632.382402866385,643.549674963526,572.875556669419
"190",5018.649689,4650.957473,9774.784334,4631.310033,8583.290848,7230.161165,8226.386527,4605.887634,4534.2253,5086.164687,4626.443254,4664.470248,4754.583884,4584.631994,4650.007067,4724.052812,4647.814823,4841.405323,4798.560472,4624.037438,5910.44185,5669.894271,4536.483655,4600.533615,4781.597768,4590.679925,4719.862667,4574.834759,4899.338347,4620.483553,5501.856041,4671.499493
"191",1999.81657580474,730.761570432824,7090.79512479035,818.74270903338,8169.30854857959,6712.6281896681,7055.34984693062,708.229238038886,635.688524529211,1097.71630122095,673.835238810796,723.191901907988,928.563340033388,619.973785013469,738.728409895646,913.76386392263,702.90928827926,900.157203320083,1011.84448326327,721.852973058316,4221.04510965372,2945.26768524288,649.31271696847,707.782215150669,907.614340018343,677.004669886614,798.091322759166,790.397218448351,1123.97458830945,734.737124185646,2626.64635020308,791.571132714341
"192",6363.56223787782,5144.313689279,31227.1448947243,5287.21842799161,18699.8301204771,14633.8538052722,21639.2805756088,4910.51058500799,4742.18026362783,5789.37974065036,4789.49923429759,5086.85677420929,5973.06574436541,5219.0999905289,4887.39300898403,5657.41361805197,4988.11574876152,5267.093653718,5517.98131276417,5275.32531423746,39875.0710165186,8117.96180979489,4717.54449752618,4777.55243064178,5656.505069496,4742.05221951502,5250.01969819976,3836.62586340713,5485.37253978639,5272.62228104351,12706.6571327967,5207.31986277174
"193",4302.66901876957,3049.25032650444,17117.3224430902,3038.02092912915,11718.7760764661,9475.27597067084,14724.7488055184,2960.62409960616,2823.24670959653,3157.14949407102,2866.47465216979,3012.8077876872,3743.14772071536,3033.95588118452,2887.97571818207,3482.36246771919,3016.2367478157,3089.57037539957,3478.74111754119,3110.846419415,15185.1236229469,5334.25355363057,2822.0438410737,2846.76397903733,3314.48479332204,2845.10815766919,3213.92855703758,2379.92609074117,3354.57375106817,3204.32847394987,7806.93215849839,3172.16027084258
"195",1064.315702,158.5990081,9337.463963,172.0204328,4919.257988,4947.720243,8426.80474,48.27490663,21.79069346,340.6321098,37.98994868,84.96856768,263.1412432,115.8719138,65.72395857,227.6316059,52.00360164,266.5694112,295.9557836,171.7454741,3450.362171,292.1128054,10.28767821,35.04509567,328.3415747,-9.646460077,145.2497324,-28.7620743,554.8363805,225.0975085,2621.408527,123.7984345
"197",2669.05160211014,1604.66697046661,12435.9208236645,1668.45654960287,6965.05101905021,8507.60934394567,14939.8645776398,1475.42874127118,1411.51591574005,1793.15725088421,1429.9802150465,1549.64162343326,1970.14376899096,1464.57213575868,1504.99206918601,2676.57227125746,1493.84100240549,1772.56655868534,2328.38712812351,1919.5187665245,3570.47402312804,1847.25816921356,1422.63145673403,1517.31763534606,1720.03928748636,1439.7332063663,1634.643611611,1365.60959664147,2251.23901533946,1582.44134932149,6336.43559152301,1740.92606004881
"198",2974.4894756487,2359.23702008294,8727.37885086537,2375.39394721613,5150.70961022014,5840.69319401948,11572.2423311288,2202.65645919877,2154.84658578881,2864.0993816175,2154.5566489709,2226.68998677753,2468.44717512275,2189.32513358022,2376.47628735922,2421.73934150328,2182.76189611296,2516.18233135874,2738.37141302151,2210.73219014608,4313.65384071752,3334.70660593729,2159.66930632921,2238.32976818679,2578.74718592981,2175.27343238407,2373.88552675278,2128.84544306833,2781.66677037872,2237.00564337397,4618.36944457031,2461.3658646096
"200",3570.8403977284,3023.98295405114,9727.80733779,3181.056790156,6866.0113556949,6031.72597987232,6479.25780228772,2751.17328777007,2739.96567430648,4069.96235893652,2781.94355240803,2848.25549754954,3194.16488514422,2794.4023932085,3064.79362626573,3167.55031511493,2794.28823993895,3659.99730504006,2922.60202724439,2756.09731639538,8504.37939427642,4218.5125284254,2741.43545618473,2862.08690563578,3480.14115900069,2752.81248589601,2945.84581700447,2691.94719028802,3271.95168966605,2802.34601100595,3770.98133599458,2840.67934791901
"201",3276.48701236321,2423.82309047146,12137.873839475,2492.64009524248,7544.90553945101,7143.77663701424,11631.4053581701,2376.08931232747,2345.03702518579,2657.05594844968,2387.9626151624,2433.48775341803,2795.72024286568,2521.38339176409,2391.68678687154,2678.14838782061,2429.88951162151,2601.52454850364,2791.35747850583,2638.01942428995,26024.9042910954,3768.38144001106,2411.74752705789,2324.96554886187,2782.24695225561,2340.51597889844,2518.63720981113,2465.84626058709,2737.39709304319,2597.35445474347,4903.20465971973,2542.24355415785
"202",1043.25481869078,322.165334595335,5682.72385211381,391.592115919978,5542.032757568,12881.3652981513,3930.20748160624,232.213421729176,198.539442077384,602.870593319171,242.39382449379,250.147012527439,409.322506370567,233.616823996141,258.295353060701,369.472558657795,257.61526154123,550.221122709911,362.689445680454,300.731532576934,1169.39057972697,1246.30020404156,197.944428649652,242.482898100807,410.029892397909,206.202779835684,346.201571409955,194.431101895985,574.175994869869,294.110001790022,990.545811195293,297.46478268031
"204",1366.37542032298,462.062511500313,5887.9218989297,488.056513884348,5363.09837227653,15558.2477672979,4489.23052373615,366.815784782731,313.652566421843,1093.30166193528,360.908650130427,375.010019820401,558.633815294198,374.896957499454,419.521236008294,551.713541873403,385.975652905498,668.905920640239,447.299977359531,398.07278074592,2091.8397708339,1647.62060521966,317.633542983134,347.906531476402,684.753725223906,327.673433614375,522.633444720801,308.446736886619,791.003192459076,418.604237817008,1337.44491672894,391.806157039822
"205",1123.03459527521,324.188636627165,4970.20241171093,461.073343843534,4340.31705116181,10867.8833190104,2268.89262929986,224.017443246953,190.776138133964,449.150287529142,233.010940827977,290.755197234679,410.043700103783,255.67618463667,388.973197189728,399.380468666345,261.856019169286,678.678251764484,290.459550029349,252.958073813549,1185.95691411233,1386.9690031351,210.655761452981,265.942160284885,542.493742323097,198.437898451652,348.189665429191,189.386120911595,515.927154427962,300.134976815943,552.703649688407,254.813364006278
"206",2846.63265653642,2383.67812244698,9901.70947888606,2017.72965072532,5682.4152890949,4008.42273240681,3135.12844531744,2041.74950477924,1958.23137233909,2254.1550358562,2079.8798913216,2118.51343213054,2457.09633673695,2032.03664719025,2113.40598978375,2772.72327844613,2236.59679150743,2285.5796036594,2009.42355961714,2015.54328940793,2370.54573131439,4213.95540571924,2191.58246805817,2082.80827857528,2451.48855861419,1945.00616811234,2030.37994912809,2120.14393517903,2124.3678784768,2355.79190588465,2427.64068737087,2154.79132050604
"207",7436.166569,6980.126588,14056.33257,6967.640949,12496.65658,9925.083536,10101.80641,6887.965573,6790.477569,7608.131193,6893.71686,6933.424044,7051.787823,6838.238861,6974.272604,7176.124618,6902.405949,7278.542567,7140.263228,6948.874518,7993.385744,8295.046456,6881.108478,6965.557926,7134.963908,6899.05095,7045.296117,6898.331752,7233.451436,6968.013484,7593.910794,7060.650415
"208",1023.04033451263,335.129198387603,6913.21367924065,447.863248176191,5959.00479867151,12726.7163837454,1451.33727197044,200.616723982024,174.609757066107,601.651405352153,218.551530019829,230.517919805125,372.256772842308,212.473559175393,257.629601047401,336.663827189203,246.627823102255,468.251016065738,218.590109357661,251.936519599529,929.394631133682,1263.28934006891,176.564601789591,200.402864635347,370.739289894045,182.324205086722,336.497796444919,168.176030156378,486.916615512711,285.701301949328,446.614020665527,217.870179212695
"209",3072.66981957189,2538.54215869324,13246.5463615031,2813.66000432358,9549.52838185162,9236.05602291763,3595.95417291872,2369.47554701737,2351.33290547301,2740.64878157924,2360.97178588903,2453.50453174807,2541.95570676696,2385.04178722417,2639.51729572025,2663.04302676816,2427.30219838939,2762.99844545277,2439.42531411918,2419.18352274314,3759.89452690974,3499.15537713302,2338.43204965308,2448.67686544704,2602.04710101867,2377.22610372,2523.74335131947,2334.29773406389,2682.25641533762,2478.40008870879,2796.04880202583,2460.17491553553
"210",1477.59555560286,1223.49552760431,6960.29749803729,1443.51352072202,5304.24278439918,3720.2185246106,5657.69597807034,1145.26186880791,1114.94997448359,1412.66965661049,1163.17699369928,1265.2882263065,1408.89168861549,1170.33060659875,1175.32057565406,1241.28189032788,1166.93826357201,1354.29729833679,1355.24210692589,1170.10076703192,3664.31334515828,2039.12971703795,1120.35095452162,1164.57516847131,1350.86850992241,1126.72710116854,1260.56708877391,1107.60894709355,1371.54126640541,1208.44121752377,2049.02448666358,1236.58206826349
"211",1315.01876437096,690.163040554372,19744.9275809469,1159.88957045714,4829.32052966105,10652.1397443282,8191.38270417365,519.813874452804,474.57159543996,1061.33217311528,583.733561501512,547.524785645989,1139.58039450343,615.696502230555,537.470624664525,778.329154420109,570.997429806126,855.857226391774,850.17710848812,657.779417924933,1285.74605592826,862.40676312073,482.533351099972,527.958825647503,803.209868655427,475.508763975066,645.383263301874,490.744366777661,993.082467672184,707.037947043031,2855.66594140765,590.65380999818
"212",3242.0677487114,2581.95132026668,10930.2284609856,2316.76393940703,5720.65106628645,6034.15940494331,3669.66489891011,2380.24880779812,2260.75324471504,2673.25283790842,2357.77196112823,2538.99498780858,2739.44890632499,2318.90427651213,2325.16356375192,3064.78527663235,2412.27028628791,2495.90511122319,2394.99226617054,2365.88637856648,2758.07105359882,4266.02245424515,2462.81745387031,2367.21301393998,2578.55212157384,2261.40509013774,2333.21118953261,2426.43877082956,2473.8707410684,2581.72852859086,2878.27754135865,2466.99999282845
"213",4744.486833,4331.259061,10703.98488,4338.273862,7954.826821,6945.933174,7798.652388,4283.323221,4220.870937,4595.290667,4258.908532,4278.895952,4378.258683,4254.601887,4371.078031,4426.594917,4280.327513,4476.431845,4491.476064,4275.58665,4891.899805,5364.97195,4211.303872,4316.58613,4463.702166,4227.356248,4354.073839,4284.126067,4551.556284,4331.480834,5009.778258,4370.881436
"214",3456.64792872985,1640.05030293774,14939.9841076652,2017.26019860193,1412.84035924397,15730.9101597615,7448.64407626024,1519.95991646787,1442.32525636976,2962.50513926872,1535.66272322464,1514.46427802773,1849.23446068788,1500.85699858198,1545.80302563002,1974.91963667227,1559.15293175029,2183.08793094856,1669.38865674015,1580.10340733195,5716.19609726765,3253.3464660695,1582.77942233746,1553.89368539693,1828.08574495452,1497.08162963631,1739.60683100271,1668.0832864741,2052.75261775655,1607.20368453738,3038.04678809526,1601.4320420455
"215",2664.13875841156,1624.7879341631,16786.0778829916,1974.87229500699,8166.51722458385,10817.0835524238,13454.8724049628,1488.82880501324,1448.46759140378,2092.47802535267,1455.06092118317,1614.51004024176,2006.90122380671,1534.03887290887,1514.57578241449,2935.77971991985,1515.92873293568,1967.1987335388,2197.26832002213,1981.88703903777,4817.94072060096,1863.56906285994,1463.00585395576,1558.32713655945,1848.53259420761,1464.28923327322,1658.06805029179,1400.826733141,2248.08168471619,1616.56210267803,5546.53399468225,1698.97822079991
"216",1626.40547792613,617.012562330044,12399.3576558316,909.410334941315,4436.71371643203,7486.85519623185,13321.7284177149,471.229395266035,371.645453287103,952.883236297278,449.604545775749,538.545656573076,881.729636105322,597.588151161259,457.926339099268,621.563182214915,449.805642535962,1048.12382341755,850.880176050634,598.186548921797,9516.75985971375,832.354346400474,425.964979440985,480.443151563221,705.9129045899,413.985801827472,606.863609020843,412.44878462059,1266.01696213155,614.629140450482,5315.17894732362,614.547087510373
"217",2288.38486829569,1681.78459894397,11127.8705816884,2131.87168887205,7857.03593953863,6844.91331402546,6985.01613049799,1515.46720077583,1460.03056957375,2075.4358284839,1528.32672180618,1541.28308649845,1917.64859541825,1544.82036302219,1568.02242170502,1658.14583423608,1557.12720204476,1944.4547916085,1696.11936967755,1575.09895347261,4181.616600391,2491.36222616854,1480.19028973059,1553.4228483165,1789.19519860814,1473.63325526969,1652.43074932159,1474.90542207317,1770.33637272657,1609.45607952747,2827.28083755395,1560.25234733794
"218",1185.42874510083,791.769435628637,8373.94937571375,950.352151005112,2819.15587188456,4442.91753005893,2644.5509851665,666.641818536326,631.140480602363,995.628642985841,683.932218287164,678.23688238569,908.472742850926,675.955378355779,690.484774732038,879.6621021886,745.514886206848,830.856879550532,713.864234775848,753.042335941998,2836.29206935629,1521.63356732574,707.133304329723,681.992300987803,823.111322016048,652.50863245539,736.109426499983,818.875167915812,879.582850494445,900.586470122517,1216.81563063972,684.666557108679
"219",3576.3451009138,1688.42223478378,15907.2877535213,1982.9885493778,1424.23069205415,12863.6342839811,7893.81040036687,1536.75192331594,1458.44322983337,3089.63991653127,1548.61103412974,1544.83244059703,1910.74912187928,1523.26394931816,1573.97140509428,2015.37208470589,1583.78655043332,2248.5891447134,1622.8098150396,1596.90948179618,5421.92948282325,3476.85035284375,1582.4794746468,1604.77583197587,1812.49275622529,1500.28683478901,1767.97494576291,1708.92120325021,2174.50672741192,1636.71539990853,3347.38423276348,1583.62264321069
"220",2791.09000541566,1681.14012486377,17563.4615893512,2017.51984757337,7971.04670534452,11612.7818990646,12146.8731817788,1601.00069735883,1540.31265459257,2380.20100917088,1547.82067906021,1672.5064475515,2100.67509550776,1599.44995623807,1622.53935003999,3194.08145854332,1577.77141807767,1879.93018372456,2250.8009534345,1967.49098751781,3759.30169375962,1992.37781985993,1537.43831402542,1656.90207450315,1829.99396950148,1559.50887966087,1779.27476067991,1484.03235006641,2289.47615314739,1704.66388142242,4522.42902750391,1740.70631568073
"222",1893.39529026921,1091.35886311713,10484.2562814034,1159.55992365192,3308.3327054233,5696.10764864093,7450.58070879678,958.569076930086,888.752823263449,1226.03954007016,944.677725820427,970.856147877428,1323.97018788377,954.704645866675,933.8916012833,1289.90770570531,1022.22284896564,1266.27776307026,1166.86357811051,1042.14005347608,9001.92909197773,1770.83189140289,965.064622591084,949.586793792289,1177.33604637216,923.08285818666,999.89847895795,1081.92117439686,1304.31417769468,1237.34247113589,3034.5466422197,1030.05879036354
"223",4997.79742513809,2613.29170155965,12843.8128629199,2687.93425534435,2305.43202524886,14718.5227707268,9796.49591868856,2427.87060703264,2323.72276422285,3054.29110350901,2455.05215541699,2479.91272888517,2721.00386007289,2404.14093664305,2500.93369847914,3032.6547107484,2532.43942690302,3126.1101925227,2621.31277336951,2546.72570441761,5834.7871292569,4515.26663398461,2516.91102984247,2424.27101429491,2800.6908429024,2373.47699963498,2704.1948912558,2617.25094265784,3185.89876929486,2552.26244118185,4565.24091800257,2570.26735733068
"225",1665.9118529675,1339.61982715455,9941.07278351796,1852.0775760717,6658.0762772853,5479.98297543344,2387.19407679437,1252.60882779018,1978.55102536739,1832.65624797416,1277.61900794307,1366.57366760476,1511.1320694415,1266.50675869412,1326.36853391216,1424.24033436906,1325.01030431552,1523.90426721938,1291.42413559656,1249.20804897557,2343.01113326221,2120.12649842448,1244.80029437531,1309.01247455235,1487.32987154465,1237.60732304291,1355.63218565888,1222.72887331244,1436.05888547442,1343.88775127007,1662.37399533316,1275.82842618106
"226",1662.89704624489,944.567209634484,7341.28048521934,934.838004415228,3184.94944431097,4350.6051216231,5886.27927500364,838.610338748626,772.482184642163,974.81834502035,816.1404011933,848.180210257081,1150.23521197781,856.077678753614,840.020651464034,1048.7698194478,885.064866226387,1000.22416369556,970.090102622184,880.346558089205,6154.8708741339,1596.95026725157,827.665946048166,829.547256053222,1033.90675219806,797.154590615602,885.308661493699,945.963021569235,1117.90053047667,1049.29662587666,2387.59991090882,893.10946547168
"229",2620.53318035628,1226.09551929773,10077.7781434022,1822.05771163907,993.411086131619,8750.78441483127,4436.87252390913,1081.62194140817,1008.61332813796,1709.42546151575,1154.55309567972,1244.98472495236,1422.12564353208,1078.4768973539,1184.61852979405,2015.3215699472,1096.29231005935,2816.07784341311,1172.97680175912,1094.83416090211,6044.48648000165,2836.83439748924,1177.91084602096,1116.6854795492,1593.77002111129,1050.92880895183,1253.12557530493,1217.92148447835,1505.9831656715,1144.89287121062,1742.71194118698,1149.27905434976
"230",2870.78928347409,2608.25594679259,13813.0857930251,2915.33691331286,12191.4201411125,8111.71267052183,3868.32506991898,2404.68005090607,2450.88281198585,3068.54608864011,2456.53326927247,2546.64978506104,2677.53241780491,2427.07783519177,2457.5792532112,2565.80150595307,2583.76056723279,2685.7946745852,2454.06472282178,2454.96640423573,3255.67735174978,3642.55383756994,2386.0553281092,2464.95424259761,2629.92867886107,2381.80596485004,2535.85131691491,2363.823194767,2632.49835669816,2529.49030114171,2881.40715651626,2428.23428938238
